Time,V1,V1,V2,V3,V4,V5,V6,V7,V8,V9,V10
156479,-0.0387392376,-0.1048605786,-0.1583020847,1.1974113805,-0.4585165639,-2.6137411020000,-0.0760742872,-2.3189279313,2.2351718412,-1.1978510014,-2.7636224709
41238,0.8330322929,-0.0447106896,-0.0382591006,-1.5825475441,-0.0122120378,2.7976827475219,0.3345426542,-0.4711870425,1.5718454647,0.1951140103,-0.0175424620
66575,0.0352083478,0.0880031774,-0.3508367459,-0.0050896774,0.2484556070,-1.1134463317446,0.2980009733,0.8131625542,-0.5520598291,-0.6318152377,-3.1379246587
116517,-0.0118637809,0.3919356730,0.0714453977,0.6962574221,-0.2057463554,1.5047888999650,-0.1300015674,0.7652222518,0.4751190440,0.7156988677,-0.9854966389
31143,-0.2723052417,0.0915717983,-0.0753050950,-0.8356416205,-0.0903854703,0.7195356727514,-0.1729916287,1.5092240927,0.0861118600,0.0923484860,-2.6083635451
6133,0.1165179780,0.4373828267,0.0777834229,-0.0729243811,-0.2016131099,-0.2116586591406,0.3086792495,0.4916925155,0.6416919227,0.9917544428,-1.3912481367
103805,-0.3433289814,0.4334713283,-0.5632838319,-0.3723425533,0.2553171492,-2.4339017953652,0.1579947486,0.5313353640,1.9965823640,-0.1936158390,-0.4462205790
66397,0.2295114849,-0.1355296673,0.0255319016,-0.1956817196,0.1246647113,-0.5267500117951,-0.1253974737,0.5763743341,0.8980043447,2.2105911972,0.4900750576
118320,0.0734660273,-0.1215261894,-0.0897230373,0.4879579592,-0.7147135149,0.2925792732302,-0.1717675664,1.1368356306,0.8813074796,-0.7600248801,1.1161559117
153927,-0.0574660687,-0.4495004746,0.3446491812,0.3910643225,-0.2832266891,-0.8690362332241,-0.2716473970,0.8922035863,0.7869965028,1.8844270558,-3.1706566106
120687,0.0759612835,-0.2410375585,0.1600137679,-0.0297004664,-0.7603333419,-3.3003583085252,-0.1988581020,-0.4454122639,-0.8107317001,3.1596135551,0.7728171527
128757,0.3682452274,0.2840844588,0.0452189874,0.1812162000,0.8029633055,-1.6609218113926,0.5082286585,-0.8315490913,-0.3153259791,-1.5300916169,-2.2030060719
22988,-0.0587138601,0.4262161529,-0.0624886230,-0.5901058993,0.3877384227,-0.0511452799272,-0.0655041392,0.7424249707,0.3099184701,-0.8414013123,-0.7755069417
144475,0.1592379620,0.0088172218,0.2990222415,0.7873926718,-0.6730854411,-0.9433074784892,-0.4013528941,-0.5201555982,-1.3930369656,2.4382301087,-0.7603299620
73497,-0.1314946403,-0.0854088664,0.2801654345,0.9483642183,-0.5451443409,2.1626356659838,0.1325642288,0.2485334980,0.1198826806,-0.3442956569,-0.7074920172
129083,0.1133713997,-0.0989738052,-0.0237466570,-2.0205455851,-0.6442645088,-0.2906974800031,0.0003000006,1.4874103165,0.5775145061,-0.0905446663,0.6993213178
161827,-0.4022584198,-0.2751664562,-0.2369897832,-0.6305836204,0.1199147498,-2.0265369218403,0.4128032736,-1.9088882992,-0.9585742215,0.8763509818,-1.0530089001
69019,-0.0747349336,0.1292370931,0.0485601517,-0.3659502956,-0.1660535559,-0.6327118782965,0.0136802204,0.0732231185,0.4126960069,0.3931430846,-0.1275935097
98054,-0.2948861924,0.0690998933,0.1576222372,-0.1452076944,-0.8672369361,-0.8140213437299,-0.2180254942,1.9587909275,-1.2266563893,-0.3925583261,-0.3924296635
146560,-0.2642421057,0.2040158720,-0.0147621938,-0.5246085502,-0.1227853156,1.4647781444353,-0.1915131361,2.6851411427,2.8228501170,-1.5979633127,-0.9589768952
91830,0.1265646858,0.2158166294,0.0387524462,-0.1469169650,0.1346235866,0.0396278503389,0.0126539727,0.8927427684,-1.3069805643,-0.2317282897,-0.4156794080
7843,-0.0975801133,-0.2540581386,-0.1163826817,0.1148735450,-0.1132138916,-2.2248956486598,-0.2041932464,-1.3914093698,0.3459159419,0.8006149541,0.2857837691
83952,-0.0976516914,0.0937513510,-0.2407554222,0.1709071600,0.2543138386,-1.4961367000600,-0.1411666329,0.3020274291,-1.3202463955,-1.4531919637,0.7099366697
115694,0.0684164702,0.3815761515,-0.1090920647,-0.2608781615,-1.0705987545,-1.4639752776647,0.1982363202,-1.2310259313,-0.7336870785,0.0131615729,-1.8847526060
5446,0.2477634961,-0.1544185847,0.2117812457,0.0282807425,-0.3856804142,1.9130299472512,-0.2907415680,0.8159855724,0.1939782473,0.8035866700,-0.5190042435
100895,0.0568791550,0.0130438806,-0.1832409540,1.5622194692,1.3376371830,0.7313445393133,-0.0673054464,1.3071371265,-0.6409793367,-2.1060671580,0.0072891290
70227,-0.3576205486,-0.3169520069,-0.2955290850,2.1263351633,-0.4453837319,1.6807083852427,-0.0642409449,-0.6889057829,-1.3138898897,-1.0768636907,-0.7004026350
108918,-0.3722690077,0.0738709855,-0.0125315869,-0.4127971863,0.0595977127,-0.3593041782414,0.0287994384,0.3173601186,1.1411317134,0.5767057388,-2.0800615965
85281,-0.2325311144,-0.0691551807,0.1967075505,-1.2573540510,0.2169830488,0.1033819512443,0.1253262592,-1.3900849076,-2.0893465861,2.9132478827,1.5849451672
114488,-0.0082286469,0.2225586341,0.0784752375,0.4345563084,-0.1260086726,0.1017897404525,0.0957675297,-0.8811991826,0.0845478707,-0.8939606859,5.4702221676
142195,0.0025125347,0.2461759085,-0.0822480457,0.9344387466,0.2229434799,2.4294891797364,-0.0411403540,0.0592596090,0.7410120431,-0.6658727178,1.1825632928
9588,-0.3611653657,0.3982659558,0.3062474213,0.9936466501,0.1187454043,0.0430696962788,0.3098926346,-2.0362209881,-1.4906275372,-1.3865210088,-0.4410300185
42348,-0.0559020215,-0.1398929913,0.0313197254,0.5741249761,0.1865818047,0.7546024499784,-0.1086556726,2.0986809972,-0.1557064106,0.6948793595,0.5144583486
22209,0.0072053651,0.0442036459,0.0049078759,1.6448044289,0.0565010902,1.1056579978936,-0.4949455831,3.1256080126,0.2676615812,1.3951863937,0.0819209811
48793,0.0712476122,-0.2890656506,-0.1623483803,0.9697725655,0.1474601698,-0.4618968489662,-0.3997606162,0.8059132030,-0.1227166357,-1.5098207757,1.1538767107
132381,-0.0739136961,0.2159267605,0.0266793225,0.5216783114,0.3891532704,0.3394578742985,-0.3325538462,1.0766729378,0.4188290754,-0.5541955373,0.6071716647
34521,0.2225162020,0.0841433689,-0.0367340149,0.5244794163,-0.7260845882,3.0262750652565,0.2165839800,0.2917703377,-1.0773554003,1.3102338403,1.0341231865
137809,0.1935221399,0.3200232368,0.3186427030,-0.6284568167,-0.4095902121,0.8505689832092,-0.1357900450,1.7701471994,0.7989167201,-1.1437533631,0.9448218918
7511,0.0750127060,-0.1758383225,-0.2215855980,-0.0317627572,0.2590084849,3.5314036066787,0.0010859149,-1.1599060896,-1.2729441121,0.5198286752,-0.2444765983
52398,0.2277477168,-0.1459243810,0.2240364614,-0.0485469419,-0.1686011818,0.3309795240775,-0.1270053572,0.1364458980,1.7164233911,2.1974933604,-2.4400526475
6541,0.0630531069,-0.1341429097,-0.1131570083,-1.6361485487,-0.3424581585,1.4243856583618,-0.0636720214,-1.3795220417,-0.0533193918,0.9042909544,0.9906562870
167760,-0.0638346612,-0.2000910299,-0.0609701932,-0.4328506774,0.1686323161,-2.7482868813222,-0.0286848918,4.4355733764,-0.5757174807,-1.7103918016,-2.9530361291
103455,0.2315821078,-0.4613822851,0.1084320304,0.2328640043,-0.3510763721,0.3948173297390,0.3777455445,-0.8352675195,0.4324331801,0.5373175530,-1.1921582627
46333,0.3453575440,-0.1571629703,-0.4455629624,0.3343495937,-0.1939774317,1.1525497546160,-0.6047799496,0.7289083749,1.1769237064,1.6539885807,-1.9254026143
120310,-0.1499950889,-0.1281879774,0.3835429787,-0.0216698798,-0.6138457394,-2.1348362938888,0.0450157270,-0.3230167090,-0.6234030314,-0.4417249038,3.1488485216
41929,0.4091491742,-0.1395493759,-0.3333253878,1.2732686507,0.1253292719,-1.2150431933483,0.3381428762,-1.9904032817,-0.6628260402,0.9648248147,-2.4893666281
79514,-0.0468686219,-0.3178478334,0.2782308846,0.2612365571,0.0761999002,-1.2755297880080,0.3902911350,0.6460188295,0.7415949422,1.6793917638,-1.8723007677
154482,0.5107924875,0.3135002076,-0.4990935307,-0.6683633378,-0.6700021555,0.8655756640768,0.1643144590,0.9615937799,-1.0643208642,-0.9526751782,4.1913362827
74210,0.4059046107,0.0230952530,-0.1872591852,-1.3119858008,0.0625159954,0.0709666068917,0.5970990725,2.3682557741,2.9446265691,-0.3352628284,0.5813222080
13100,-0.3184391835,-0.2339230856,-0.1426901115,-0.3458064514,0.5529498113,0.4215817520423,0.0176883086,0.8708251204,-0.9289730686,0.8669217083,-1.4850690357
52429,0.0646943988,-0.2411581525,-0.0745872220,0.5793350802,0.1607015914,-2.1438202576949,-0.6106648162,-1.3317146217,-1.9310879449,0.4770000661,0.9665533395
171415,-0.2094423426,0.1031228700,0.2943491204,0.4612819381,-0.0800883200,3.0747181136744,0.2009760934,1.6859376825,0.0873938506,0.2847567374,1.1138322389
162547,0.7213351730,-0.5721424945,-0.3867173713,0.2077774574,0.7596374824,-1.0044880756020,0.0938932569,0.1931633442,0.4485188052,1.1642081777,-3.9384626481
91154,-0.1200179220,0.2645375268,-0.0988829532,0.3875407868,0.0905615155,-2.6710043989799,0.0877387939,1.8604253855,0.8315585507,-1.4175385166,0.9814375634
151989,0.0761800255,-0.0667738286,0.3359858935,-1.0639733358,-0.6004409256,-2.0425692290108,-0.0993525513,-1.9362427550,1.0844872406,-0.7939819308,0.6812781729
141022,-0.0027003271,0.0458910792,0.1596940249,0.5958533292,-0.1751574229,-1.6350889809726,0.5567977526,-2.5187009856,0.0959488288,-0.4053688473,-0.2499370926
115594,-0.0510662131,0.0575291003,-0.3498005499,-0.9809372706,0.2879705958,0.0749940366763,-0.2385389603,-1.3104235921,0.2720837699,-0.4229271193,1.5303460974
138003,-0.0572337609,-0.1216829860,-0.2707065635,-0.5674701021,-0.1740536212,-0.5082290456437,0.0344523114,-2.5959025566,0.2890767627,1.1217116321,-2.8588756429
171532,-0.0196220998,-0.2841758424,-0.0260458418,-0.3596030580,0.0558630410,-0.5639735274468,0.0246720016,-3.1942045216,-0.1311659308,-0.1224585207,-0.5632872713
26454,0.0847809997,0.1349994364,-0.0534998210,-0.1074773906,-0.2453499185,-0.9060902233488,-0.0507302800,-1.1901787735,-0.2890685044,-1.0352714709,-0.1646367078
95967,-0.2671390615,-0.1353221991,0.2376593753,0.3186615550,0.5993034857,-2.2901440255950,0.2238762509,0.2681602095,0.4467955445,0.0192134846,-4.6603476631
7576,0.1369258234,-0.0412542526,0.3448807180,-0.2227280060,0.3344964895,-0.9071923801066,-0.0691094805,-2.2621052610,0.7001318586,-0.8696736010,-0.5684817374
113791,0.0425588223,-0.2929562041,-0.0034599508,-0.3826719395,0.1289491496,-0.2032608864975,0.4679773350,-1.0163351570,0.1151367006,-0.2062786572,-1.3322352333
70310,-0.3120512253,-0.1800279996,-0.1904792666,0.5304963832,0.0885587131,-1.5537625566054,-0.2851642604,3.2484933545,0.6807627112,-0.0792533254,2.5910743510
168032,-0.0423360010,0.2215104463,-0.1367936442,1.0499558453,0.7013923690,-0.3091945826119,-0.1314778077,1.7265714192,-0.7127399139,1.0944822231,-2.4619145464
17290,0.3945624435,0.1575588984,-0.2269079089,0.6311949991,-0.8495324355,1.7707667514277,0.2649742290,-0.2544243526,0.1891080069,-0.0126147629,-1.1957989400
165910,-0.2938564652,-0.4247045953,0.0916249963,-0.5389936184,-0.5034355202,-1.5342761912521,0.0030584585,5.1514503242,0.3020141982,-2.0994189217,0.1016539105
64924,0.0186447980,0.0706326800,-0.5288634875,0.4503615814,0.4977249425,-1.2968836292710,0.5901316812,-1.1322115325,-0.4573043458,-0.0999561668,1.4126967709
99891,0.5674993681,-0.0101486403,-0.3082743261,-1.2655725487,-0.2956810699,0.4695237588846,0.0286383684,-1.3412889380,-1.6101398810,2.4552576149,3.6482280676
5964,0.4799421739,0.1737980621,0.0362754060,-0.1788099855,1.0657895188,1.6173817829547,-0.3350073424,2.1225423977,0.5145990660,0.4978034249,2.9757821688
55575,0.2260411703,-0.1332990042,0.3924080404,-0.0570331888,-0.2677684633,1.9002656506400,-0.0604459010,1.1284326115,2.7603686095,-1.1515833687,0.6407465868
86936,0.4279189701,0.3078325437,-0.3550040311,-0.8794425616,0.5776671142,0.7996149496598,-0.3588079091,0.5141236671,0.5132338691,-1.8373298087,3.6944543142
90896,-0.3504545341,-0.1548981919,-0.4588733817,-1.4787530970,0.0108872797,-1.5416700378382,-0.0477323275,0.6996537562,0.4152161478,-0.4397207604,2.2814362809
99739,-0.2431621230,-0.0916395262,-0.2082380455,0.7155282901,1.1528352848,2.3290442992156,0.0215171233,-2.7341865336,-0.3123390848,1.2332711025,-1.1505708464
100088,-0.1488196729,-0.2090730606,-0.0854344503,1.2681941729,-0.3178258288,-0.9371510344028,-0.0218315886,1.6229737509,0.6842303317,0.9198444454,-0.3057569031
2928,0.0076477066,0.0761354918,0.2442643361,0.2258336442,0.4895520439,-3.1094998438781,-0.3020281824,0.8105072242,-1.0484751772,-2.2699497125,2.5055485847
161643,0.0723487236,0.0981518324,0.1035133715,-0.9971014464,0.3485517558,1.1401920992786,-0.0110644075,0.0100142419,1.3860500045,-0.9454911257,0.9350821145
117104,0.2663780727,-0.3922342634,0.0887967616,-0.8468583796,-0.2336974723,-1.1532742065478,0.3383723072,-2.5012832995,-0.3402342909,1.3784824158,1.6114308003
126621,0.0761183325,0.2719293375,-0.0882282921,-0.4473064917,-0.9370182569,0.7251740376338,-0.3684406468,-1.4975506140,0.1069732831,0.7740423636,-0.6481039096
143563,-0.2702866127,0.0132859286,0.0291710152,-0.2454343342,-0.4242666530,-0.3887944474272,0.0726069709,0.8949303940,0.2017403391,0.4592592234,1.7661656016
117337,0.2639278958,0.0947297453,-0.1900865679,-0.3677674820,0.3745866054,-0.0068686953574,-0.2480096171,2.8803385357,-0.7661127490,0.2024439434,2.4600503734
47696,-0.2619730619,0.0552569198,-0.0462840520,-1.4434958926,-0.1249596201,1.8515241398754,0.1363475730,0.9329591456,1.1806194005,-2.3925189689,-2.9165348066
86090,0.1826097328,-0.1531144771,0.2379978604,-0.4530710461,-0.5392174602,-0.3308619144542,0.1864623771,-0.2655571460,1.3902019384,2.3057002494,3.8878212054
54431,-0.3619195159,-0.0929796012,0.1311529660,1.1034260712,-1.2010962143,0.6581642520357,0.1939383932,-1.4288326277,-0.6107163269,0.0639625711,1.6531449409
21834,-0.0886076070,-0.1507610867,-0.2745002990,1.2670596661,-0.3921012451,-1.1582506521870,0.0175101084,-3.2145047644,0.5760588909,-0.2027320608,1.8183936726
129688,0.3237080820,-0.0882204610,-0.0035568950,-0.1253551890,-1.2386046704,0.2404168678569,-0.2403198537,1.9364633832,-0.9137934480,-3.2779753457,0.6526612082
39553,0.4728596322,0.1607663373,0.2372559322,-0.0354291758,0.3875602028,-0.3945844739676,0.1033949634,0.5841267591,0.3772362762,1.5441623146,-1.1633763023
10528,-0.0671788549,-0.3818382927,-0.2668419925,-0.5698362341,0.1792904177,0.4425758833274,0.0870343949,3.0155234132,-0.4351441539,-0.2217348476,0.3315005356
76518,0.0315813298,0.1030295563,0.0464901326,-0.9052697086,-0.3849309415,-2.1594465826866,0.0871067369,-1.7345154351,1.1349766222,-0.3104344881,-1.8746813592
13288,-0.4790664558,-0.0921879145,-0.1262648839,0.0597565257,-0.3669814929,-0.3748832416096,-0.0647415177,1.4705204006,-2.1655580728,-0.6022411958,1.7968790787
154272,0.0485636731,0.0712887938,0.1909116006,-0.8750947836,0.3967802287,-0.4923504245823,0.1402697215,0.3290775010,1.6255838020,-2.0151121989,1.0147464989
105781,0.2103373345,0.3175145416,-0.0968785254,0.5357936222,0.5686179998,1.2783816680166,-0.4810615013,-1.2180519362,0.4705182385,-2.2937284733,-2.6938861624
157218,-0.2788794029,0.1423637998,0.4544653564,-0.2701252090,0.0249296335,-0.4816265905915,0.3072842127,-0.7279236464,1.1238235664,-1.5473149869,-3.7180746408
45857,-0.1250560333,-0.0976824175,-0.0964705999,0.9791848235,0.3285537017,-3.4405677245247,0.1472186582,-0.3059364420,-0.9373658328,0.2804838864,2.0566924481
28061,0.0127633854,-0.3178920191,0.1134502572,0.1905025481,-0.1583043663,-0.4082379615322,0.0342713399,2.8491189889,-0.7244710263,-1.1964126077,-0.6047439640
43408,-0.0958925019,0.0324870291,0.0723147471,-0.1053526032,0.0696975101,1.2230321404474,-0.3389419988,-0.4030729750,0.3332452230,0.7683848501,0.4567635362
90839,0.2735228650,0.2115232945,0.4930461636,-0.8912362079,-0.1039471111,0.8270828897520,-0.1039901396,1.4228862449,0.9329686594,-0.5420997085,1.5686654353
5694,0.1675337840,0.0916318970,-0.0548548849,0.2775245852,1.0901993960,-0.1214345310532,-0.1518058213,1.7795596690,0.9886731510,-0.7875758236,-0.3746720881
162117,0.3070337895,-0.0553114242,0.1324583910,-0.8270761637,-0.0681580404,-1.5435859635006,0.4725681753,1.9347249715,0.2989351931,0.9248852155,0.8218746096
149891,0.0030333872,0.5361432580,0.0195626195,1.1923475613,0.6709677265,-1.7615684435189,-0.1397646409,0.9861114529,0.3827407437,-1.4985918389,-2.5441314299
154631,0.0937187696,-0.0969619188,0.0364268243,-0.7712939453,-0.1007960748,-0.2427865412181,-0.2052997620,-3.1028593014,0.6992811184,0.9481258170,-0.0331207482
56411,0.4606089460,0.3158887632,0.0943667498,-0.4403450737,-0.4189056725,-3.0079684612751,-0.1142288931,-2.1893864385,-0.6966102423,-0.4730080909,0.7145663466
148171,0.4834331412,-0.0317483599,-0.3607276410,0.9267876965,0.6329842159,0.2536436344811,0.1660238169,1.9207402332,0.7109758164,1.5716074318,-0.2569440688
62498,0.0321524826,-0.0832198067,-0.2178861775,-0.0669515825,-0.2620697268,0.7700932464596,-0.3389576566,-1.7780813970,-0.4823865768,-1.7270082063,0.0714844882
154443,-0.0439072283,-0.0340688623,0.0439197764,-0.8876154454,1.0053167489,-0.4451224704229,-0.1166541246,-0.4572106932,-1.0821031251,-0.5932161867,-1.9188794263
127985,0.1677881471,0.3038415286,0.2073290001,-0.0588929919,0.0298519790,-1.8044172661944,0.0942182949,-0.3813286348,0.0488153433,0.7548310014,4.3050659034
5914,0.3456374576,-0.5827321292,-0.2042504497,0.4258473511,0.0301355865,0.9504377161337,-0.2185434067,2.2426212390,0.3636713144,1.8205240493,3.9979833936
123843,-0.5122907604,-0.3242049769,0.2267482687,-1.2560136981,0.7712741579,1.0603163224415,-0.1786443502,2.8710704130,-0.4871985217,-1.1166669166,-3.0730267563
76470,0.1539640866,0.3638101105,0.2659949767,0.5501107198,0.4574589960,0.3592877816603,-0.1199473742,0.6082974440,1.0294749523,1.2456514910,-3.6663499083
108333,0.2204318226,-0.0022238462,0.0122314217,-0.4860053859,-0.1830366102,4.1580977922076,0.0175328177,-2.6998441701,-0.0224451847,-0.3113315448,0.6386975749
138335,0.0993391141,0.3662723197,0.2064248932,0.4337801398,0.6515340291,-1.7926406648381,0.1614265061,1.4797056428,-1.3844321406,0.4152571366,1.6783539518
88086,-0.2407835928,-0.0059600083,-0.0757043008,-0.5382375501,0.3163043202,-1.3711564806409,0.3011377918,-0.1890207109,0.4456147886,-2.7537644605,1.9900226373
112566,-0.2591300969,-0.1121619280,0.0488503941,-0.5470496996,-0.0121479906,-1.5325958069973,0.1288711034,0.3615612857,-0.1484619218,-1.4512779409,-2.0344035549
58454,-0.1841590836,0.0744019606,-0.2411649104,0.5376485061,-0.1394061839,0.6581125485507,0.1515562648,1.1127912998,-0.2405598612,-2.2807102623,0.9730889622
87645,0.2292742439,-0.0845880206,-0.2517692378,1.0740500487,-0.8364879063,-0.0212084702364,-0.3748785089,1.3032131860,-0.6063914185,0.5158519556,0.4736120511
138837,-0.3509898649,-0.1843776225,0.1628974454,-0.5000482183,-0.2200956335,1.6718684727649,0.0995565658,0.4551588636,1.0238877537,0.2940723572,-1.2403717804
154125,0.2456649436,0.0501669567,-0.1374569063,-0.2179947310,-1.1273669847,-0.9827928000145,-0.1400128418,2.8698403476,-1.0846117089,-3.7446943453,-1.3146230862
86497,-0.1445002565,0.1573496397,-0.1436343204,0.9359358117,-0.4907272873,1.3627853718449,0.0569270023,-3.3002772527,1.5745928216,0.9660812011,1.4846434616
79262,-0.0696917151,0.2051168564,0.2027131381,0.4024114653,0.5516007556,1.9130925012331,0.3451452682,-0.8387055764,-0.5174355776,-2.3365765311,-0.7494577000
63709,0.0002004253,-0.1505066159,0.2464013489,1.5892506261,0.2935635384,0.2196573083104,-0.1768050157,-1.6641382462,0.2271795873,0.1872241985,2.1729374242
64117,-0.3619238668,-0.1530831440,-0.0372843940,0.2999984973,0.7522617377,3.6137516096630,-0.1583139705,3.8749899145,-0.1845217478,1.4367242783,2.8556482328
61536,0.2702090228,-0.2483928212,-0.0415517425,1.7299707129,-0.4717921749,0.6172582653834,-0.1699589910,1.4006192899,-1.2763052236,0.3347086008,1.6733035101
16614,-0.0482035447,-0.2639205483,-0.2057252149,-0.4353737712,-0.1707365940,0.8763992159364,0.1142533877,-1.1247547094,-0.4698956992,-1.3632651729,1.6019278285
131908,-0.0533517560,0.0901386217,-0.1315924000,0.0005594573,-0.3121435742,-0.5068837656035,-0.0146955970,-1.6320665862,0.8677355646,-1.7707572592,-0.7990601442
10413,0.2753270909,0.2894757107,0.1778013025,-0.0990218669,-0.4880010936,0.2661109815729,-0.2340841762,4.0847614806,-2.2436436542,1.5808627442,2.5056267309
57551,0.0238861803,0.1837900766,-0.4949042683,-0.5468017699,0.6842697381,0.9742842528794,0.0839535910,-0.8483556324,2.5408187773,-2.8195769601,-1.6050391559
28251,0.2206031674,0.1731911286,-0.0851119213,1.0740610815,0.1745947937,2.5893919750340,-0.3267727517,0.1867785427,0.6016631607,-1.4772784731,-1.8943024167
22230,-0.1790070514,-0.0512980533,-0.0934363552,-0.7081004148,0.1577830306,0.9350963092156,0.1136832043,1.9632071563,0.2935658656,0.3665393324,-4.3496384888
161803,-0.3137229995,-0.4005605705,-0.0953772392,0.9762137370,0.2096012013,1.0325089657806,-0.2955891568,0.0118066189,1.8019912501,0.1199992722,-2.0006353478
3993,0.1536449264,0.2983100354,-0.1459683219,-0.4409949994,0.0637041332,-0.7841012634048,0.2229158619,-0.5053852132,-0.2556212949,0.8220570864,0.2823021491
52312,0.1567229029,0.4723408466,-0.0559976735,-0.3391563368,-0.2421784479,0.2451558292803,-0.1833121588,-2.4977936494,-2.2838124991,-0.1486531006,-1.2979943912
67673,0.1776755694,0.0470542547,0.4534413093,-0.1402203579,0.7420580380,2.6621663320058,0.0797900991,0.6978949684,0.8674904569,-0.4779671698,-2.0444230362
28403,0.3355935559,-0.4088781703,0.0172056065,0.9212696377,0.6568680208,1.4365953478950,-0.2417667827,-0.9705300458,-0.5578991881,-1.0855686380,-0.6503700545
22156,-0.1002231637,0.2027165677,0.0972687441,0.8738877273,0.0012164920,-2.6736431427203,0.0096106183,2.3178725829,0.6871298353,1.8854379187,-1.5871173445
27023,0.3106326907,-0.1856650966,0.0618968663,-0.1794327727,0.8859031096,-0.4479408748868,-0.1176105816,-1.6948101242,0.7219959798,-0.5725371773,0.2636295763
44384,-0.3585962590,0.0181179908,0.0905313130,-0.1584458195,-0.3153781029,-0.2570798866245,0.7722422506,-1.6188413002,-1.3002427581,0.6302051398,1.1160639499
56818,0.2099711123,-0.6544089366,-0.3698407684,-0.2172857182,0.5350820345,-1.5876252452237,0.0629541910,0.9731307429,0.2533327126,-2.7572026379,-1.2564674333
104129,-0.2360935303,0.0912785336,0.2110554506,0.4799647308,0.1399999723,2.4277740191180,0.3962797269,-2.0391873608,0.5824087929,-0.6983650790,1.5650747816
82096,0.1995395983,-0.3446339430,-0.3041424491,0.9763198646,0.1577531511,-1.2480453325086,-0.0757431366,-3.1123066545,-1.2365318882,-1.0308284671,2.3751600611
104072,-0.1198775774,0.4639742476,-0.1092507737,1.1709735881,-0.4738379566,-0.6794527047003,-0.6548563934,-2.3082771687,-1.4024689042,0.7025403977,-1.6010652604
111076,0.1525761767,-0.0165471465,-0.0366252694,0.1401482328,-0.6359992972,2.7662691606339,-0.0032928655,1.7851035493,0.7182215692,0.6642338326,-0.1334665992
104426,0.2324584604,0.0744522838,-0.0219958217,-0.6505503385,-0.0727639310,-0.4609036950111,0.0556610616,-0.5374331513,-1.1956630814,1.8696883635,-0.2540278582
92486,-0.0838058393,0.2407463539,0.5740873387,0.9282520017,0.0622631570,-1.6037302070993,0.0482803983,-0.5937267635,1.9671765823,-0.9247621820,1.8050973476
126638,-0.2792455641,0.3290835228,-0.3547267162,0.5829080606,-0.3662222919,-0.2846556517715,0.1838784513,-0.4333012229,-0.0810501980,0.3695888589,-2.0388848704
144561,-0.2628388876,-0.2135224503,-0.1315000878,0.9246210841,-0.4393018263,1.7248051327329,-0.0552937373,2.2052881801,-0.4721562040,0.9217905000,-0.7385278253
99196,0.1952404954,0.1212618195,0.2428589474,-0.2777615797,0.1400105983,1.0167112923266,-0.1211304219,-2.2711272263,0.5367997844,0.0156425459,-2.5974823444
168217,0.4271776556,0.2142798929,-0.0311340099,-1.5488913581,-0.3326886184,-1.7186995559558,0.1091461011,0.6815054420,-1.6408478446,0.8022217513,2.6423539576
138060,0.3776243195,-0.1575481907,-0.8473327659,-0.2637431432,0.9815606971,-0.5538831426353,0.0243942038,1.7383116153,-0.3380734184,-1.4166722113,-1.3609170570
138095,0.1536386681,-0.1741147489,-0.5274358224,0.8384371104,0.1318811517,-2.7064800248130,-0.4555324282,-3.1628881703,-1.1510325458,0.6717262915,-1.7111446871
75161,-0.1914859303,0.4073501410,0.2278796778,-0.1451362356,-0.7458660197,0.0950731559065,-0.5185343970,1.9051788068,-0.2021920154,0.9885540669,-1.9065072540
50199,-0.1991026168,0.3259223807,-0.3545149482,0.4175550463,-0.1901503580,-0.0957182130823,0.0409246255,-0.6387068063,0.3024651462,0.2613890374,-0.0558619991
107896,-0.3132016511,-0.1430308457,-0.0977985167,-0.9215525627,0.1078156982,-2.4644165020539,0.2788767700,-1.3676986557,-1.7643060981,1.7525307142,-0.1138132278
72745,-0.2011003333,-0.1590208019,0.0099869098,-0.5451793484,0.4215905064,0.8339800232949,-0.4200977748,0.0372934977,-0.1113300872,-0.8917637893,1.1967832690
129191,0.0093394126,0.0680713767,-0.2242868872,0.0709573561,-0.3834125336,-0.7673912009596,0.2759593293,-0.6093753711,-0.6000022099,1.1388751588,1.3612058812
160259,-0.2544358649,0.1799732469,-0.3604683557,0.0104202148,-0.8327808127,0.1873123197728,0.1033203160,2.8745184407,0.8812959820,-0.8591692794,-0.9749763268
15574,-0.1541349324,0.4336969518,-0.0468811647,0.1415129095,0.0230894023,-0.3551507650452,-0.1083094930,-3.9489929782,-0.1389289600,-0.1777763331,-2.1525048373
111905,-0.2969837949,-0.4041870558,0.1696925529,-0.9790766783,0.2676059834,-1.3733984013706,-0.2685453205,0.9539790076,-0.2464746714,-0.7164562451,4.2358513616
72103,-0.0057583000,0.2086201238,-0.1462561236,0.2756629258,-1.2670087971,-1.1035032962101,-0.2600718490,1.1838643245,0.8205645976,-1.1979754004,-1.8507782744
82577,0.1748283152,0.0381448732,0.1971930858,0.6463351259,0.2814056928,-0.5546737339359,-0.0269543479,-0.5839527274,0.7026458302,1.7436050218,0.3985304136
153416,0.2672380263,0.0612362070,-0.0686114198,0.7903267387,-0.2876265107,1.0890886404803,-0.1234260672,-2.0610552539,2.4335825394,-0.7604410191,-2.7556823872
24925,-0.2014238538,0.0253212942,-0.1230757244,-0.1016598086,0.4874655024,-1.4804384198746,0.1247655942,-0.5869946013,0.1220673399,-1.1755540083,0.3213274258
148079,0.2333884938,-0.1147191563,0.1522091461,0.5160899906,-0.5042289720,-1.3864186466790,-0.0332192530,3.2121371624,-0.0679413442,-0.9079643285,1.7777679138
60141,0.0767088560,-0.3287893147,-0.0060093421,-0.2410805780,0.2929717818,2.0494843424170,-0.0646309425,1.8068435925,0.0979239191,-0.3336325140,4.1506128774
13817,0.3250541705,0.2848918402,-0.0154973728,-0.9676433522,-0.1262728817,-1.4861622577682,-0.1411888113,-0.7242191688,-0.0521545333,-0.5352975576,-2.3126135475
18332,-0.0328429237,0.0595054128,0.0763671645,0.4928072034,0.5470817219,0.2896077103536,0.2302211445,-1.4512714773,0.8799820478,0.8866145421,-0.5779070769
42726,0.5846303860,0.0707593872,-0.0862690987,-0.1174832038,0.0025262330,-1.7299473858164,0.0238584761,-1.1832178984,1.8428938958,0.7155327321,-0.2903267346
56729,-0.5753851593,0.1508827466,0.1557607123,-0.0687370704,-1.1009302060,1.3142289825393,-0.0310326654,-0.6676459962,0.0657843519,0.0764137066,2.4214191438
32356,-0.1328024491,-0.0669929863,-0.0698092069,-0.2217172283,0.4287674509,1.1327425460962,-0.0549191284,-3.2126284006,0.9886431423,-0.0719414534,0.8667557120
33339,0.0587572242,0.0911250121,-0.0371911934,-0.2457550339,0.5861444963,1.8564205071799,0.3337361631,0.2171164932,-0.4683419174,0.1503859994,4.3232709610
23000,0.1872201736,-0.0447119504,0.0472356473,-0.2150198369,-0.1698007867,-1.5898189655650,0.4941438352,2.6553284763,-1.3426014182,-0.4203967704,-4.1223343547
131443,0.1370872142,-0.0262257979,0.0361531893,-0.3606102710,-0.4880761408,-2.9145451955575,0.0066522101,-0.5372863492,0.0383926480,1.1728504644,-0.0530409020
11617,0.5972925877,0.1698979967,-0.0478464915,-0.8267560450,-0.4844527169,-2.4501898495309,0.1385465611,2.7712723849,0.3476640996,-1.0084711566,-1.1981860335
85523,-0.3697255154,-0.2416939620,0.0289113997,0.7389776052,0.2531679667,-2.1413505186911,0.0341501593,1.0795131807,1.7810144254,-1.9413544963,0.2785113792
167808,-0.3795566121,-0.0595251808,0.2748423842,-0.5172089763,0.1523450265,-0.2479889000890,0.4513198317,0.6407039581,-0.4365291747,-0.1189911498,-1.2044182201
48880,-0.0613012836,-0.3413881523,-0.3110960607,0.5348253219,-0.1241834327,0.0001244044524,0.1627135573,1.5920412374,1.5093147291,-2.5573020172,-0.7199738664
49610,-0.1613567502,0.2690378650,0.5951331636,0.0263142875,-0.1897316449,0.7078906066410,0.3576306871,0.0707565972,0.3915811384,-0.1761348891,0.4252801945
11946,0.0953667779,0.0781704747,-0.0999185459,-0.3333495383,0.2462106872,-1.3368432202708,-0.3079310429,1.9126681226,1.8127987696,-0.8314510464,-2.9159427700
101018,0.1722885844,0.1817276327,0.0364728498,-0.6261486523,-0.1881931991,-0.0220632679568,-0.2338201586,2.4252388312,-1.0481754851,0.4427225794,-2.9305428951
80923,0.2194412696,0.2566869771,-0.2063562305,-0.4624898629,-0.1703448926,3.1478117284150,-0.2470502966,2.2419347907,0.0299774818,-0.6183950033,-3.0266906226
111172,0.1649594418,0.1269136041,0.1300508453,-0.2897397016,-1.0075799969,0.0843502102674,0.0636750843,-2.7568408250,0.9154964211,-0.9621330037,2.4978783251
65813,-0.0964499101,0.2534437244,0.2415339097,1.1161410900,-0.2617337060,-1.3504893504307,0.5953067680,0.8157291698,-0.8067356815,-1.8516861542,0.4186930129
58482,0.3284144475,-0.2099493282,0.4417166238,-0.0564168387,0.3743757965,0.8631688620115,0.3820562955,2.2440407272,-1.3009446779,0.3518602415,3.1081129687
36038,-0.1812836147,0.0966619601,0.0419415628,-0.5993205780,-0.6175288443,0.8990259530477,-0.1213586377,1.8025741879,-1.6664286647,0.5175824256,-0.5756561506
129948,-0.1470167840,0.3129970237,-0.2421799023,-0.1354094597,0.7042726792,1.0175763742927,-0.1063515361,-0.2323348419,-1.0596941889,0.0634915719,3.1250307711
34242,0.0928444294,0.1515634925,0.0146937186,-0.4205657436,0.8439990834,1.5431317694133,-0.0369960805,1.8593173602,1.4549879733,1.4809396080,1.3051746310
6356,-0.2167758938,0.2375533301,0.0775832551,1.5239825705,0.1309808352,-0.3825095505781,-0.1562010352,1.2061482447,1.2192473199,-0.7549794542,0.7770652634
149194,0.0096314794,-0.3292279266,-0.0396508644,0.8740256237,-0.4245326315,-3.3996371901998,-0.0487040845,-3.2965761302,-0.3752092644,-1.1868899229,2.9473893930
8657,0.4195866846,-0.0089943379,0.6197164140,-0.6567499399,0.0021809704,-2.4468023207331,0.0141531163,2.8733463260,0.1380896451,1.7670215067,2.7735339621
14995,0.1791104845,0.0420418622,0.3671572389,1.2161843639,-0.1114348159,0.8456268799389,0.0316620394,-0.1916043241,-0.1073611022,2.6814087752,0.1746831504
58287,0.0497628658,-0.3169024252,0.0880377076,-0.8284979355,-0.4264359837,0.1162187261897,-0.5990497204,0.2705783285,-0.1950993903,0.7767831052,0.2414759253
79641,-0.3558284573,0.4251068152,0.0232142057,2.1007319550,-0.0803099730,-1.3520262874817,0.0516670233,2.1570114821,0.5739772142,0.8984201433,-0.9387686926
1819,0.2488841030,0.1141185891,-0.3696691663,0.0857292007,-0.9249357554,-1.0801090739369,0.0775812905,-0.7841721755,-0.2917969305,0.5767048825,2.4455700199
56764,-0.0429510656,0.3102815199,0.0596338011,0.4828056377,-0.4642303414,-0.0861187937349,-0.0954035028,-1.4107233632,-0.8237051683,-1.6024972320,-0.8527279522
61760,0.0335382270,-0.0685314627,0.0313521583,0.3386263617,-0.2614099549,0.6749398251578,0.1557587028,0.5679170946,0.1785048326,0.6773512647,-1.3012465487
117264,-0.0263758950,0.0058326232,-0.2329376940,-0.1007197635,0.4511397028,0.0815574162591,0.4105066605,-1.8333263503,-0.6113835589,-1.0052143312,-2.4255622747
3050,0.1466958831,0.3474512629,-0.0209866114,-0.7130440397,0.1948355926,1.5447692819680,0.3810833936,-1.6072334540,0.1080990340,0.5873372254,-2.7279094685
166021,-0.0395352033,0.2765962502,-0.2370761077,-0.5617187374,0.3559185970,0.0604698439590,-0.2339096665,-0.1125594448,0.1261434109,-0.7258421350,1.5310595275
32124,0.1004388056,-0.3236893135,-0.0368866863,-0.2032803689,0.8183773879,0.9169441524069,0.0649195647,-3.3080248781,1.5692356751,-0.3961360977,0.6590306474
158054,-0.1771111915,0.1596426114,0.0974860518,-0.8462500596,-0.0753459657,2.2765791102252,-0.1200797904,-1.4613764507,-1.1215103584,0.3461181417,0.2425161677
35340,-0.1438821430,0.3123503295,0.2860694813,0.6942210389,-0.1278784509,-0.6686789656019,-0.0144383644,0.7326555812,-1.2619247146,1.1804156621,-0.2095720846
70759,0.3592424391,-0.1786597570,-0.2702316540,-0.6757166860,-0.3967268045,-0.2499387515724,-0.2351786073,-0.8118762366,1.4963705225,-1.8877052032,2.9714035009
131681,-0.2440307681,-0.0306441238,0.0903128130,0.0770165609,0.5340858448,1.6813438319603,-0.1594355732,-2.5210332951,-0.8392148918,-0.4895805206,0.8293973156
111713,0.2528927994,-0.0346964440,0.2373963784,0.4922420970,-0.2627239648,2.0028475562856,0.1463007609,3.2312623242,-0.3532419008,-0.9101435987,-1.1166990367
152839,-0.3062491989,-0.0060859933,-0.4583439667,-0.9382397079,-0.5195966988,1.4734703701458,0.1112396932,-0.1343606541,0.7319085563,-1.0499624959,-0.2095100644
11521,-0.1278778369,0.2144049040,-0.1854941910,1.1030651773,-0.0224193540,-2.7930860143634,0.0499207046,-0.0033169799,1.9618508790,-0.7401625444,-0.3220705577
156791,-0.0520081594,0.2663590263,0.0044026555,-0.3176268832,-0.5826391247,-1.0812074030702,0.3372421163,1.4241621009,0.2595186092,-3.1622483090,-3.0783345641
40059,-0.2310146546,-0.0871646153,-0.1239846526,0.8257665415,-1.2453540914,-1.7562860793514,0.4546493530,-0.1314543231,1.5661762211,-1.1640118487,1.4848482364
85144,-0.1373952102,0.1628546986,-0.0527149436,0.6493947510,-0.1108253032,-0.8286235906320,0.3996924692,1.7582789279,-0.8531760526,-1.2783952299,-0.4634644411
30734,-0.8116228190,0.1447012028,-0.0440789489,0.9434589540,0.3827511837,-1.4060605321632,-0.1551323976,-1.4278316331,-0.6480700477,-0.0080480801,1.8209892702
69256,-0.1777713623,-0.2441781240,-0.4240783354,-0.8098856820,-0.5676615097,1.4548328499719,-0.2382004534,-3.2456514958,-0.8149151458,0.6486524977,2.3593637500
154448,0.3362081009,-0.1538272533,0.0251818460,0.8633970293,0.2600791717,1.1205353980949,-0.1535804056,-0.9348200043,-0.5751239684,-1.0731514865,0.2740270901
66073,-0.2077046733,0.5130987667,-0.2346236830,-0.0685410983,0.1842159093,3.3320465278968,-0.3014810003,-0.3420117679,-1.1049230554,1.0631727646,-0.4954120807
58612,0.2535498277,-0.1540456135,-0.1123388940,-0.2175131307,-0.1966719738,1.8945459480131,0.1956489084,-0.3800637142,0.6308074027,-2.0121954852,1.9374661139
56570,-0.0113699263,0.2295602262,-0.1896884800,-0.4748758840,-0.3040356402,2.1954131276883,0.1199784198,-0.7391013483,-0.3253378441,0.5425015345,0.5735365661
23066,-0.1494475920,-0.3497286666,-0.1209639774,-1.2727331406,0.8992552635,-0.6582430631819,-0.0033470599,-2.6680850211,0.8399104055,0.2341483532,0.6375878227
134252,-0.0265075836,0.0316018021,0.0683006650,-0.6850931739,-0.2011687162,-1.1824167758833,-0.1237698582,-1.2455701238,1.4530159896,-2.1774047830,-2.6259983896
113762,-0.0670310592,-0.0457307168,-0.2716119887,-0.5522419314,-0.2559067347,0.9390303297628,-0.3171098651,-2.6951906987,-1.1387008272,-0.9355967464,0.8473285633
124657,-0.0758958757,0.3462287070,0.2687686161,0.8154267043,0.0751266343,-2.6570157322464,-0.0714260529,2.8853697464,-0.7117229078,-0.9415664085,1.2389640548
108355,-0.4294958649,0.0088175334,-0.3668769038,-1.0851689966,0.9570074643,-0.5214814115936,-0.0727850400,2.9764016609,-0.1020512415,-0.5541711900,2.7501295542
43034,0.2983125725,-0.0502134580,0.4961815793,-0.0932416734,-0.4809789512,-0.5644077959279,-0.5248328141,2.7937702389,1.2532160044,-1.5288438069,-1.4552541069
13935,0.2759612005,0.2549711897,-0.2544545517,0.4995707604,0.6475873624,-1.0902266032151,-0.2261262614,3.8562304801,0.1696126432,1.2181520692,3.2643601431
79432,0.1140872109,0.5616161413,0.0267989965,-0.0923377122,0.0466967160,-2.0187005435881,0.0819481344,2.2582059197,1.3102840781,1.1651144679,-3.2122224749
123874,-0.2171173127,-0.2698477631,-0.0605619148,-0.7343877109,-0.2995132069,-0.6247289110556,-0.0053903318,-2.9401305359,-0.5165090763,1.3471532248,3.7728849014
74158,-0.0404641951,0.3379326062,0.1556315665,-0.8963369226,0.1201691482,0.8907160306715,-0.0769221922,0.4472534652,-1.8227579497,1.3558419557,-1.8371341598
90914,0.2594897987,-0.1408419321,0.0896049454,0.1773677259,-0.8425305500,1.1765910994812,0.2173905379,-0.6336523792,-0.9120973995,0.9686852423,-1.5861369059
151498,-0.0417538056,0.2632753249,0.1724406571,-0.3241524387,-1.0866049059,3.2259025327013,-0.1726004245,-0.1953498065,-0.2151787595,-1.0584813841,0.6272098823
27637,0.4479192797,-0.0302218920,0.0792387561,-0.7182267534,-0.0071361637,-1.2288739263457,0.1939113645,-2.1275692807,-0.3892523769,1.6785222488,0.2083942016
63327,-0.3613864813,-0.0148848521,-0.2067051072,0.7576755571,0.2452469139,2.5177866226923,-0.3493212055,-0.5479838129,-0.0019963219,0.9536213853,-1.6657213874
4887,0.2285388294,-0.4433824423,-0.1095791405,0.6375990493,0.6725150262,0.5279024316333,0.1000346277,-0.3442745952,-0.6602555992,-0.8196190321,-0.2766571485
119493,-0.1036663996,0.1478807313,0.4799288300,0.3570704423,0.2178908019,0.8078596944455,-0.1953237422,-0.8815522712,0.9279890573,1.5117326641,-1.7057845542
58491,0.0083103411,0.2883177378,0.1430986134,0.1913000813,0.0587989562,0.7206626458506,-0.2328388265,3.4329505822,-0.1204397638,1.5193121685,-0.6369830529
168181,-0.3318008531,0.0454127886,-0.2816442946,-1.0555146860,0.5805214156,2.8517677385752,0.0793224978,0.3222086717,-1.3205442605,0.3972502449,-1.8408923659
2165,-0.1875648422,0.4312026759,-0.3011765785,-0.1311852542,0.6498751009,-1.4692690531317,-0.0227731063,-2.0801108523,0.9310514886,1.6792254199,2.0071109645
124009,-0.0021325759,0.0515096946,-0.1173268498,2.1434184007,-0.3885538556,-2.9071184276480,0.2316274106,-0.9470890843,-2.7267036034,1.2636753367,2.9527830753
141796,-0.0807302287,-0.0231399419,-0.0800049276,0.0211091931,0.1244762640,-0.9266057860420,0.2313844600,-1.2237608986,0.2208193778,1.8369717342,-1.4094295083
84626,-0.1428083181,0.6496739997,-0.1452830814,-1.2954044220,-0.3707658045,0.7319267917306,-0.0020200006,-0.8918250176,-2.3284424501,1.2514116371,0.6203265968
170477,-0.1205872624,0.1681372270,-0.1034866278,-0.0654714014,-0.2597847639,-1.0654422378957,-0.4481997383,2.6314279211,0.0184959117,-0.2122002139,-1.4426336707
98614,0.2979136663,-0.0199038029,0.2293552165,0.6655019865,-0.4810363784,-0.7144229834017,0.0050994589,-0.3728806626,-1.2839562832,0.5745959164,-0.5436701776
61619,-0.1226643183,-0.4623801584,0.5244675607,-0.0650966057,-0.6064408463,-1.2839796880405,-0.1216285829,-2.3024876353,-0.5594698394,1.3016967615,0.5146801835
102469,0.0191910082,-0.3200957368,0.0807912231,0.4725644686,-0.2011938544,1.0605065427601,0.0579947903,-2.6886622269,1.3203399255,-0.3728787365,2.0835827458
25510,-0.5216456343,0.4453374775,0.1431945435,-0.4657998882,0.0224592086,1.2395603488569,0.2243833439,-2.8021238855,0.4234729510,0.7774037281,1.3029075235
41401,-0.0907555314,-0.1157327330,0.1242035127,0.9722593849,0.6939757427,1.4247543940946,0.4525651851,0.8440473093,0.2795822772,-0.7071493287,2.0636863855
9798,0.5101581438,0.1994934295,0.2089397235,-1.6179501318,0.2522768570,1.3004419001105,-0.2471997363,1.8007877846,-1.9263254075,1.1968746366,2.0253981825
76833,0.1112009834,-0.2162663583,-0.0370047489,-0.8926279657,0.2200430953,0.1357800593324,-0.3430456903,-1.9642319373,-1.0955662673,-0.7939083363,0.6407072818
101675,-0.3510631505,-0.0244649885,-0.1802584930,-0.1210716959,0.4153236044,-0.3847054308071,0.0111901174,-0.5021737460,0.1484571601,-0.5081199643,1.7581669159
37854,0.0196849050,0.0258894830,-0.3449064119,-0.6469266053,0.2667397841,0.9725975062745,0.1202822291,1.3929884153,0.1844832770,-0.8513802642,-0.6608531443
97026,0.2545539431,-0.1058257776,0.2615547542,0.3708738591,-0.2291381712,1.6860065729190,0.1554762458,-0.2283240559,-0.6947314606,0.6442337207,-1.2621498811
148055,0.4708687645,0.3061129246,0.1567902548,-0.1766073488,0.8984309229,0.1685257342843,0.0710044163,-0.3034132010,0.5146805433,0.3428168461,-2.0353331913
37459,-0.4557339383,-0.7408830748,0.4384417528,1.2364534838,-0.0158404038,-0.6717660867852,0.0726830002,1.2180103526,-0.5173100664,0.8037326766,-3.2765185492
68310,0.2400124498,0.1032349464,0.1452397073,0.3242133509,0.1369230952,-0.1209837411947,0.4364346299,-1.2276916084,1.7493660978,-0.5084469833,0.2613111165
49736,0.1545221257,0.1318274635,-0.5109311547,0.0323086445,-0.2570816810,1.8971825943017,0.0672809896,0.0221923439,1.2848013284,0.6824585594,-4.7309883427
67741,-0.5192241011,0.0087929338,0.7328101666,-0.0467907263,0.1462785123,-1.8737436387102,-0.1589157826,1.8936930011,0.1161189087,1.1922217046,-1.1125442250
128746,0.4544093515,-0.4733011519,0.0418549227,-0.4126241681,0.4311888746,1.7788956304824,0.1160371492,0.3646972706,1.0181593719,0.0938872278,4.5662276944
48932,0.0159783612,-0.4883674215,-0.0617896544,0.2772191348,-0.6194206245,-0.1785165592962,0.6561705464,-2.6465622890,0.1138614705,-0.0633963870,1.1393576219
67845,-0.4578816061,0.3662433552,-0.3227240147,-0.6473488977,-0.3958820317,0.0232642689559,-0.0894772590,1.0567766749,1.1680082218,0.8708813856,-1.2603385464
63885,-0.0039724503,-0.2995702096,0.7133051967,0.0224506618,0.5927402037,0.3252591811951,0.0664807107,-2.4429009797,0.5149864222,0.3037617899,2.4352132582
87054,0.3615183613,0.2298680833,-0.0665202697,-0.7852739739,-0.9137872027,-1.2145928975148,-0.1534034499,-5.0161799182,0.2508995428,-1.1565278439,-3.6177968456
157949,0.2797469136,0.2349160449,0.0892020727,-0.2551667942,0.7889841744,-0.6908364624880,-0.2740445671,0.6961865773,-0.8162015706,-0.6309626544,0.1922078891
163384,-0.2125761782,0.0640697141,0.0909671905,0.6809279566,0.1207104949,-0.8375585000653,-0.2208239608,-0.6246906506,1.2502616316,2.1229382658,0.5933263191
71264,-0.0852175744,-0.1755720720,-0.1145151994,-0.1943504015,-0.4201340718,-0.9261819638131,-0.0007388581,1.6741159075,-0.0751186674,-0.5383086137,-2.2238740143
104100,0.3240989077,-0.0074617942,0.0399773103,0.7879423936,-0.0359632297,1.3745442159778,0.1789398761,-0.2130820983,0.3205262754,-0.8193265862,-0.4514660434
163704,0.1795522400,-0.1927102123,-0.0305036901,0.3696972823,0.3967560059,-1.8943407146722,-0.1306619242,-0.3306308430,0.4468787288,-0.3799735287,-0.3269943126
128214,-0.2944659584,-0.0183796405,-0.0047865765,1.3298523829,0.2560079460,-0.9931347977467,-0.2044593821,-2.1051481959,0.6566008876,-1.8321063336,1.0632284834
17199,-0.0995444841,0.1291350443,-0.1611494223,0.2421125886,-0.1196059384,-0.0934112946038,-0.7015646216,-0.4249389269,0.4875275206,-0.3799934829,-3.4659946443
160855,-0.0571605209,-0.2753855471,-0.3012955619,-1.9441555519,0.2459221814,-2.7297942390341,-0.2017633751,1.6194448893,0.5032498992,1.2085172711,1.6160202788
80077,-0.0954482530,0.0967491219,0.1570204374,0.9957781604,0.6155968855,1.5948879483552,0.0907388871,-1.7852131296,-0.4387889989,0.6123440818,-1.8997933326
9312,0.1838828638,-0.3353984893,0.3781561624,-1.1452687691,1.1624247542,0.5361051944349,0.2931379177,2.7809737184,1.5910372801,-1.6125517762,-0.0484840533
81556,-0.0465486653,-0.2822345534,0.3984472831,0.5802638177,0.0986159546,2.8340032298945,-0.4835389361,2.2322583667,-0.3815524430,-0.0458633240,-1.0357849464
93655,0.0641925804,-0.1665968299,0.1332758810,-0.6354990714,0.2257148888,-1.0552749778807,0.2030589347,1.8695524130,2.2059847443,-1.7953304484,0.3285399566
169040,-0.2572732608,-0.5430225220,-0.2400129401,-1.2853048315,0.3548728338,1.4292721057129,0.1727650837,1.8218669517,1.0984910808,1.9337971670,-3.4306530937
42312,-0.1820345243,0.1973829796,0.0472452680,-0.2145769292,-0.0412666615,-1.5929175975471,-0.0524360484,-0.9239027412,0.1060078343,1.0003950504,-0.1641988716
158731,-0.0767962998,0.3008219035,-0.1558479761,0.3095473554,0.7573943814,2.2354974496420,-0.1934145582,-1.8240745661,1.0112743335,-0.9484954245,1.0615308677
82816,-0.1796845946,-0.6021090584,0.4931085783,-0.7776846689,0.7947943618,-0.3022451704802,0.2873596905,-3.2093233800,0.0042262443,-1.6599515233,1.2653808910
6033,-0.0166873045,-0.1248834409,-0.1277906124,-0.1732960991,0.9783565257,0.4549641134782,0.3434558350,-1.1423783838,-0.2828154273,0.2698979623,0.3037729726
48184,0.2600858336,-0.4328565932,0.3371121568,-1.8047581778,0.3563361098,-1.5761513180695,0.1476225207,-2.1816607669,-0.3404873188,0.1238500206,-0.1217829480
115282,-0.0291675842,-0.0487467658,-0.0973862236,0.1548602700,-0.2354399538,1.5000390462023,0.3243234170,-4.1151008325,-1.0063127334,-0.1144380123,-0.3079354981
133104,0.0740013650,0.2293764706,-0.1708430498,-0.3550995725,-0.4360119929,0.4726509320898,-0.1811353241,-0.2057291065,0.2429180976,0.4988045115,-0.8483510611
96565,0.2911919403,-0.2095707832,0.0052148046,0.0648869718,0.3923783955,0.9251332092146,0.1930121597,-0.3023877379,0.0180867179,0.1252468001,-2.9880119897
110463,0.0127009376,0.0318134678,-0.0365516822,-0.1167395192,0.1243071898,-2.6455929774303,-0.2150335857,-0.4059253975,0.2965603907,2.2179472514,3.8293744992
24518,0.0189936383,0.2806215187,-0.0347473301,-0.5881043134,0.5315617572,0.2255539923582,0.1445908792,0.7520136325,0.1501875261,0.8756544583,1.7572599840
87647,-0.4885852379,0.3321195859,0.0302456899,0.0839239126,-0.2419120488,1.1217679799169,-0.1191840118,0.4855045445,0.1361132612,-0.2049175531,-2.5545206287
63896,0.5171207357,-0.0429737906,-0.2180155783,-0.5746640309,0.4952035257,-0.2663850178799,0.2446330228,3.7680031158,-0.7311774300,-0.7725492983,-1.0077383787
143891,0.1824162198,0.0704590146,0.3574390724,0.2662811700,-0.6782347644,-1.0641441755339,0.2162076659,1.4790157235,-0.0819900260,0.5263898204,-0.1848076599
89435,0.5262934089,0.0413225337,0.3937892869,-0.5529650240,0.8908563421,-0.2350298115273,-0.1743463364,-2.9894307048,0.7594923236,2.4991180083,0.7415051735
31412,0.2740530981,0.0512251817,-0.2650750567,-0.7529046676,-0.0846036554,-0.4887159249913,-0.1756030059,1.4011016963,-1.6206262428,-0.0166283872,1.6745580409
110373,-0.0046791319,0.0989508371,-0.1577751609,0.6661712180,-0.3786349897,-3.2461408220597,0.1005969201,0.3831260019,0.6842027731,0.1398843064,0.4904409684
156158,-0.4506546241,0.4042135895,-0.1709498067,-0.6897275980,0.5179980561,-0.7830754150425,0.2611161435,2.0758855503,-0.1055666957,-0.7439457748,-2.7879456077
31201,-0.3014656032,0.0659497822,-0.1840698511,-0.2128252455,-1.0618908234,-0.0425460817675,0.2013655833,2.9642045414,0.8728169716,0.2573776377,0.2565934279
84327,0.0084392917,-0.3664202664,0.3179270700,-0.4327842016,1.1285045815,-0.5291795435683,0.2256647451,-3.2292429926,0.4243117490,-0.7831184133,-0.3687967446
30284,0.3561322421,0.1053412318,-0.1831865684,-0.0914434348,-0.2608284271,-4.2199730022768,0.2000772881,2.4961211173,0.2078322582,-1.6812620962,-2.0794874625
111337,-0.0537189181,-0.0702152479,0.3086712920,-0.1388117708,0.0620914284,2.1249433670724,0.4208295970,0.5485262155,-0.5646570223,-0.9880547591,0.2728888459
78414,-0.0855866784,0.0299647143,0.4259616422,-0.4993565685,0.3636763236,1.1459972614131,-0.1129903895,1.3556577718,0.3227938291,0.4903636396,1.6122966809
121632,-0.5431665025,0.0108384150,0.0199232795,-0.7180416990,0.1585734109,-4.2368122500997,0.0742531199,0.6210724776,-1.1548844638,1.6290508214,-1.2702151343
104105,0.0359779882,0.0581615002,-0.0589695990,-0.5919026541,-0.7044728184,-0.3321957197129,0.0523542243,-0.5716116072,1.4920282797,0.2970337793,-1.6347931585
142317,-0.2724626828,0.3767464161,-0.2478489113,-0.8483035655,-0.6683656597,-1.2759778631191,-0.2799191311,-0.2980565388,0.2054139870,0.3522330723,-3.4450091700
8400,0.2643289320,-0.0602368658,0.0176913222,-1.1479246501,0.8297052300,1.3188406563874,0.0691223766,-0.1311685032,-0.2638264258,1.1510693036,-3.0686388411
147817,0.4198574319,-0.1162067768,-0.0495672371,1.1514956356,0.7852734116,3.0676334594111,-0.0483508649,2.2111561743,1.0581987539,2.1126876652,1.5543602460
1497,0.1829716166,-0.2351749932,-0.0295085487,0.2696898126,-0.1093104047,-1.1650386927325,-0.7107789848,1.5855130761,-0.2098523687,-0.9034182134,-0.9642845129
153887,-0.0533628657,-0.3667117379,0.1202176771,-0.1547797865,0.9051691693,-0.4765133270543,-0.3359298012,0.1891112339,-0.3381976540,1.0264078837,0.3952555568
24367,-0.0746292465,0.0870611561,-0.1438276381,1.5463342627,-0.3472836624,-0.9139702336078,-0.0158036244,-1.5012145084,-0.0502790717,0.8833108516,-0.8587232345
159070,0.2060729713,0.3677921722,-0.2194387669,-1.1518885672,-0.6113744678,-1.6503573722070,0.1269333995,2.5907657434,0.5666673547,1.2515319281,-0.6208336610
68211,0.2402145627,0.1793401318,-0.3854131403,0.4443027007,0.0559357298,-1.5929946570260,0.4031938602,1.3950344179,-0.8830103041,-0.9871435479,-0.7440661576
51640,0.3722524418,0.1314945951,-0.0775133321,-0.8469447045,0.3931012249,-1.9499283257555,0.1454463595,1.1712757013,-1.0625365142,2.5718002418,-4.9965062681
64590,0.2529083996,0.2021161493,0.2502786593,-1.4755609541,-1.1523078937,0.9001297934861,-0.3903743142,-0.0735789003,-1.8442300381,0.5318030487,-2.4357011236
67094,0.3485216626,0.3315257699,-0.0353495268,-0.9142206659,0.4352058192,-3.7330199242912,0.2759053534,-1.6159250447,-1.3956180795,0.6758361916,-0.8427511546
128350,-0.1381347418,-0.2832369224,-0.3410986074,-0.5415039995,-0.2152436465,-1.8626012527771,-0.5995819282,0.4641248795,0.3086603421,0.3671947300,-1.6725646664
61101,-0.5425592610,-0.0664726709,0.1791563334,1.5410383428,0.4345604123,-0.5736101599571,-0.3655426279,0.2357289513,0.5625314721,-1.2457356609,1.5147328706
150845,0.1262761813,-0.2958686043,0.3471882919,-0.0174860359,0.9114923928,1.2453187310886,-0.0522114734,3.2032886694,0.6114712755,-0.8206129663,-0.0448537202
84440,-0.0456832559,-0.5239586744,0.3850983665,1.6239480111,0.2541851852,-2.9820465677308,0.0810365261,2.0996977314,0.2288097047,1.8020403327,0.0591521767
56117,0.0673384168,0.1791915082,-0.1215682960,0.1487831677,0.3961191514,-1.2139112625821,-0.5027825458,0.3663592406,0.8840054173,2.0557348562,-2.0694420062
11540,0.2477843058,0.1159198815,-0.1386450499,1.2005159094,-0.0440402414,0.2335371287384,-0.0750264802,-0.7689907391,-1.1003170076,-0.2895958064,-0.0025729488
169522,0.2451506534,-0.0760088049,0.1711348276,-0.0233506242,-0.5123666354,0.3592749401087,0.2543550584,0.0559114447,0.2813266537,-0.6120003349,-1.6865965540
31869,0.0033925827,-0.3256775206,-0.3226686707,-0.2689358820,-0.2367261514,-1.4396001978669,-0.2774473297,1.3215537889,-0.1857575156,-2.0794148555,2.6988239463
66820,-0.1987917813,-0.1543124849,0.0241353156,0.3348395894,0.1945800978,-4.6572153419927,0.1254354244,2.1970923413,-0.0937731940,1.1602274314,0.1853554913
112551,0.0038502262,-0.3412071071,-0.1348301240,0.8177036502,0.2971271622,0.6281288962167,0.3156005055,1.1752445058,0.9433754828,1.0360836899,-1.1414944728
148359,0.0791555091,0.1945213665,-0.2255063271,-0.2143706117,-0.0950749894,-0.6933307515711,-0.1563930607,2.0614456974,-0.7207391214,1.9068561857,-6.0654040560
165440,-0.3262949752,-0.1599454135,0.1745376365,-1.1008231071,0.3377088116,0.0072688887287,0.0194659702,-1.9107724507,-0.0391407406,-0.2558195789,0.0575061340
102217,0.1415187292,-0.0629648753,-0.1001053905,0.5405771450,-0.1017350098,1.1962863058969,-0.1337656606,2.8149805939,1.8927479746,0.3666025124,0.1029970174
5139,-0.3549227956,0.0982692716,-0.1578850683,-0.5575639627,0.4510031276,-3.2195554956838,0.1481656082,-0.7021176223,0.8933473652,-1.0750243264,-2.0018979358
81169,-0.0578314455,0.4915406655,0.1531219250,0.7049264033,-0.3185856320,-1.5304549390842,0.3512259003,2.2173150077,-0.7527550027,-1.2381530426,1.6056578669
170087,-0.1351653510,-0.0717069238,-0.2509330629,-0.0334978451,-0.1695098321,2.8642690597599,-0.0611633540,-2.9688590902,0.1287981237,-2.0666642166,2.1903812459
151115,-0.0301587146,0.3760372553,-0.1159659355,-1.7215197456,0.3809205557,3.1357072069575,-0.1010855760,-0.7541439780,-1.5391510380,-1.1940394707,1.6535179744
65750,0.3537350311,-0.0009062259,0.0165194055,-0.2743904094,0.2526173622,1.7370830715535,-0.2088314335,0.0335315098,0.0936112551,0.3558882458,-3.4720066214
22759,0.3092257596,0.0124831040,-0.0769552695,0.1801439836,0.1257441611,-1.2509149770599,0.0239931725,1.3659406033,-0.0343220724,1.8263561565,-1.4655267717
157001,0.1146543445,0.0790483429,-0.2709273337,0.1891555742,0.2508229574,-1.6871390647345,0.1848201077,-1.3639102656,0.8568027021,1.1710208129,1.8642156958
146325,-0.1832715456,0.2330084516,-0.1518633593,0.1911432699,-0.0112466243,0.9628055499367,0.1281523290,-0.2584060611,-1.7196057487,-0.4684142907,2.0760959034
126232,0.2164654658,-0.0729211741,-0.3054170448,-1.0098248724,-0.3091020733,1.0009777177978,0.3895062051,1.9216526429,-1.2172381531,-1.2103505057,-0.3894127875
40021,0.0002109921,0.1025567245,-0.2242903547,0.8075593166,-0.5400831221,1.0274919965470,-0.0936445741,1.2557636118,2.7733857012,4.4179958086,3.7146166003
109293,0.2130000883,0.4092922530,0.1247955190,0.2074830273,-0.1408815824,1.3441170139082,-0.0923125107,2.1428423117,-1.6160487458,-1.9543135707,-3.1165286417
140792,0.4272651485,-0.0659439700,-0.2461840411,0.4053957990,-0.5079737363,0.1397019648468,-0.2448787933,-2.4963532328,-0.3344870288,0.8839176761,-0.9241861355
162703,0.3280848184,-0.1574216259,0.0884704571,0.5674627884,-0.5933146344,1.6105531898300,0.0808621578,0.5930648194,0.4407224185,-1.7917908275,-1.3529178936
93401,0.1812711793,0.3978969536,0.3201388600,-0.2211994424,-0.1534190733,0.2491468604266,-0.3457276264,0.3593439066,1.3335839574,-0.3195491042,0.7619473700
147061,-0.0774049745,0.0741710753,0.4718668791,-0.1781236004,0.2673691991,-0.3692755979248,0.1842098577,-1.2944942555,-0.9748582703,-2.1189051756,2.5946907230
110004,0.1643115347,-0.3955933794,-0.3631672503,0.8618529998,-0.5864914942,-0.9877130156666,0.1417292986,-0.4102869342,1.4820955505,1.7780693301,0.9790715865
118851,0.0761212044,-0.0160809735,0.2624541999,-1.2183849303,-0.5510975960,-0.1910664141140,-0.0825768160,-0.4282465293,0.8700455975,0.2367824615,-0.0896960691
68088,0.0870223652,-0.1376424638,0.0815655967,-0.5012153871,0.0463415875,0.7421071793788,0.2483870198,-1.5096498631,0.3640431510,0.4960487154,1.1113950722
172273,-0.0478697719,0.0790970775,-0.2109846581,0.9808215499,-1.2981050731,0.8791751352625,0.1508874809,-1.9475505834,-2.0279554973,1.0826173629,-1.9358206642
134020,-0.2516128904,0.0355711180,-0.3673811748,-0.7053294443,0.4723350987,-0.4259901122785,0.2816121835,-2.3221261978,0.7938517218,-1.5925353800,-1.9013892410
126998,-0.2401502713,-0.4356357814,-0.0640543453,0.4572409721,0.2004048390,1.9064385795990,0.0454054782,0.5282050827,-2.2463983699,-0.7061209406,0.7709138182
16428,0.0702443311,0.3820025968,-0.3168967815,0.0864598947,-0.1089492203,2.4036950723313,-0.1560528219,0.0185289417,-0.3026164283,-1.8644825551,2.4118696758
82901,0.1544037906,-0.1238543836,-0.1452451893,-0.3441929343,-0.0106374179,-0.1410468247107,0.0387340926,-2.0179577201,0.6623849014,1.0771982324,0.1883930820
12943,0.4158034424,0.0926508123,-0.0439111727,-0.2353163521,0.5523626628,-1.0668765057386,0.0265769063,2.0554345721,0.8525813753,0.9394988342,1.6468720590
35968,0.2216220282,-0.2225391743,0.0769190249,1.0614480293,0.7540699519,0.1064816278983,0.2850169785,3.2066828221,-0.6046131932,-1.0599053585,-0.5024761556
106150,0.2733757679,-0.3074232971,-0.3378881928,0.9463522906,0.3542516052,3.2691810647215,0.1247969780,1.7534970182,1.7432025448,0.4369485507,-2.7683838354
29657,0.3419797113,-0.0956346994,-0.2127824597,0.9906919408,0.1644921183,2.1065626341532,-0.2253395163,2.2866102705,1.3367398687,-0.5209156157,0.2008020545
34324,-0.2086743072,0.2600621265,0.0091516241,0.6815765073,0.6464169302,-1.4606602894603,-0.2069434185,2.3146157528,-0.3602528779,0.5087401983,-3.2986567233
75975,-0.4733755901,-0.5264333694,-0.3583913291,0.3343461451,0.7673022692,0.0832081412270,0.0953492174,-2.6422342347,-0.0856782164,0.7226806017,0.6748314950
16786,0.2484598446,-0.0230631219,0.4810838621,0.8111745442,-1.0722930269,-1.9155442395988,0.4973901865,-0.8928577560,-0.6347033222,0.5407286306,-0.3933486449
126376,0.1655122329,0.2145873298,0.3060620072,1.2864949282,-0.3233454285,3.2313946648096,-0.1399317417,2.5322235989,-0.8778030766,-0.3079947038,-2.1553185413
29166,-0.0289714536,-0.1881140806,-0.1301534554,0.3451951175,-0.3123447377,-0.6004885155677,-0.0721042802,-0.5874665938,-0.0747014327,2.3205461597,-1.2132660450
65153,-0.3924163743,-0.1195319283,0.2692996040,0.1217860219,-0.9311733013,-0.7380997846701,0.5397719559,0.1718829001,0.0900552129,0.1765477729,2.5158710816
1923,-0.0883444463,0.1755726300,0.1696791858,-1.0692250078,0.3416007119,-0.0443740253445,0.3287591123,1.2886691783,-0.7657693735,-1.1110704522,2.1343586842
112791,0.0011776685,-0.1280837815,0.2380018316,1.3304994751,0.2100335315,0.8733238966206,-0.0598146544,1.6897755227,0.1071023926,0.2598562894,4.0311999888
29150,-0.0117437874,-0.3851243085,0.0574693399,-0.8800831204,0.1880347102,1.7113350546814,-0.0776337628,1.4608173340,-0.4477590354,-1.7499414193,3.1747943301
18644,-0.1870636551,0.3284904699,0.3110875067,0.1151189641,0.2173094213,1.1414609850626,0.1191477149,0.8376372078,1.0902026322,-0.9102799172,-0.3746841407
22910,-0.0946018606,-0.0295238271,0.0491945272,-0.4208734729,0.1462494065,2.7318147326444,-0.0105046748,-0.6054515436,-1.6351790188,1.9169600720,-1.2802463476
154264,0.1497585178,-0.1912728373,0.3993300214,-0.5644636288,-0.1255856875,-0.4430550542670,-0.1179080732,-1.2598124250,1.4648885924,0.6230939629,-0.9928974039
103110,0.1707411503,0.7902849909,-0.1951049282,0.7184600442,-1.0731401389,-0.4364238113868,0.2417796234,-0.5599888227,1.5356512630,-0.4804848854,-2.8382618679
60517,0.2331910851,-0.1499909413,0.1038938756,0.1275486091,-0.9487695534,-0.2328600018796,-0.4727816296,1.0620206491,-0.4186987859,-0.1727138963,0.1429313744
14386,-0.4039438558,0.1569361515,-0.0244370222,-0.4572942671,0.6250679639,-0.3605548102220,-0.0094227285,1.5732696350,1.0761694388,-0.8623803788,2.1987209179
33923,0.0673894453,0.0382476773,0.3195614960,-0.0076018458,-0.3622713817,-0.0797392153509,-0.2922468455,2.2619645637,1.5145358701,0.9696260901,-3.2991390606
93090,0.1877716310,-0.0933820832,0.2601891367,0.4078638419,-0.0903912271,-1.6785672081158,0.4162403005,-2.0210725363,1.3634106853,1.5446383549,1.1848388193
155370,-0.3249721382,-0.0680504915,0.0165182482,0.0603924647,-0.8201869409,-1.5059057963158,-0.4624746909,2.1902938966,0.3007969421,0.8957677032,-0.8142957808
91736,0.1522753174,-0.0418594509,-0.0590134335,0.3970775653,0.5706450492,-0.3444789024814,0.1537959995,3.4542822073,0.1875749554,1.1268079369,-0.5256443267
108073,0.1289110071,-0.0090237793,0.1146288769,0.4342083912,0.0612052803,0.2048545644124,-0.0314606709,-1.0936776444,0.3453798860,1.0221793342,-0.8794457848
148750,0.1185699102,-0.4080020731,0.0398404370,-0.3503038624,1.2473142226,-0.9693013348235,-0.1095636684,-1.1089027779,-0.4440248786,1.5488765187,-2.5997104358
62631,-0.1432678868,0.2887900838,0.3331055858,0.4033610487,0.2694023316,0.3124967410162,0.3715297706,2.0361314302,0.7099750162,-0.7561210109,-1.5207480099
79290,0.1370970033,0.3449399653,-0.4729260794,0.0804341445,-0.5132251313,-0.9256769660962,-0.1118237077,4.8926266473,-0.5801667147,-0.4289683570,-3.9450554030
8236,0.6568268324,0.4135991660,-0.1082757146,-0.5305556340,-0.1246778498,1.3527894866286,0.2240564721,0.2771508810,0.4322871759,1.2384560495,2.8835863932
168151,0.2766620441,0.3831509519,-0.4178576267,0.3451587100,1.1011130475,0.6539253573996,0.2140859091,-0.4886538206,0.4412229621,0.8269462037,0.6088659210
45027,0.1508554566,0.5019606343,0.4584276908,0.4222963021,-0.1896168953,0.6085035563980,0.0761903826,1.0818763099,0.8863939505,-0.1926066034,-1.2592292625
149577,0.6064555627,0.0601395143,0.0122647079,-1.0322324268,0.4581753647,-0.2469453528980,0.3137493684,0.7627091800,-0.6400139024,0.1690236552,-2.8879262981
64106,-0.1314750404,0.3204337075,-0.0143278562,-1.3543495282,-0.3882766260,-0.1808147903917,0.2885392786,0.2668431704,0.8422900810,2.7847715458,-1.8919845860
166900,0.0808982662,-0.2540383041,-0.2587167517,0.2351085803,-0.2934607347,-1.2209684137730,-0.1334255537,-0.4911338685,-0.5386927568,0.5506446229,-0.7963654180
119347,0.2100548547,-0.1774763906,-0.1763952114,0.2203268729,1.1707924183,-0.4088376565915,0.2149918279,-1.3487604930,1.1003600206,0.8201987976,-1.2201449645
94755,0.0025368810,-0.1167523841,0.3645189956,-0.0925780887,-0.6053834192,0.0326394269345,-0.1357848187,-0.0602161921,-0.7234634959,0.1892489072,0.6770482724
105326,-0.1406821903,0.5552137102,0.0311883038,-0.3275770661,0.4954891055,-2.0260153311391,0.2135099606,-0.4022223223,-0.4730321384,-2.3581283420,-0.8803483256
172423,-0.2713410450,-0.0053210895,-0.1918899183,0.2550896357,0.6097459476,-0.7918963563663,-0.3115842570,3.1662154980,0.5121835258,0.7113722634,-3.1012144800
138864,0.2300850576,0.6607171549,0.0585189724,1.2556038197,0.1153924059,-2.4687293494789,0.0547195049,-0.2754549946,0.7349630022,0.2961314901,1.8293434922
47387,0.4311234703,-0.1797631859,-0.2052699660,0.8337170197,0.1313047896,-2.4116670318358,0.0773635708,-1.3702241079,-1.0869132039,0.6834572511,-0.3196519241
27874,0.2575172216,-0.1280572148,-0.2404368948,0.0285609963,-0.2938431758,-1.5230447160910,-0.0169561661,2.5775276840,0.2246104232,-0.1130875987,0.2233950355
150012,-0.3546076039,0.1921261728,-0.2427022719,0.2344351699,0.4066588080,0.4799890974370,-0.3291088562,-1.4826828008,1.5600175747,1.9158342264,2.1956206224
21197,0.0161993575,0.1338077461,0.0141980697,0.1220268052,0.8275435440,-0.2192874514199,-0.0403979096,4.5120703455,1.1093637442,0.3165456873,-1.5493476052
104456,-0.2527636728,-0.1494063569,0.1928518283,-0.4758173612,1.0615338338,1.3358407852959,0.2037518724,0.2809174242,-0.4568443037,-1.0013155665,1.7784994798
156100,0.0382802604,0.3814836575,0.1736217665,-0.6105698042,-0.2217152203,-0.0644084990643,-0.0120728616,-2.3946829829,-0.8106867266,-0.1017814455,-0.3747987391
50393,0.3639933092,0.2404553037,0.6007543231,0.1567255030,-0.0609169070,-0.8846370972086,-0.2126930177,-0.4885198952,1.7684714213,1.0032465233,-0.3129070091
1363,-0.2095907518,-0.1307044922,-0.1293930722,1.0078169456,0.2305006290,-0.2195157987919,0.2481911102,0.0314083212,-0.4700053544,0.0034210927,5.0197476076
50106,0.0046818724,-0.0680839902,-0.4653885063,-0.9136595802,-0.0153738447,1.3426226001735,-0.3276750405,-3.1193537208,0.6818349278,0.3461891345,1.7179650386
148906,0.1831703309,0.1760689604,-0.5448404416,-0.8632211804,-0.6342605178,-1.2505051903141,-0.0281576262,-2.4547153401,-0.9046885002,-0.5445756931,0.0258622512
132108,-0.3502531054,0.1138487590,-0.5673098031,0.8444146884,0.2954738547,0.4665426049173,0.0479902091,1.5169990470,1.2464955210,1.0959219147,0.7057234999
66641,-0.1538401690,0.0513438325,0.0798373145,-0.1616276358,0.3916567981,0.6412919016863,0.2861260203,-1.7334949649,1.4991321991,1.1206061655,-1.6431153572
87019,0.2368224862,0.0423670268,-0.0555986256,0.0253808979,-0.7998975741,-0.4012800148206,0.2607705465,-0.6466716914,-0.9569841079,0.0434892916,4.3704714346
34792,0.3814365473,0.0423377904,0.0635464557,-0.0826783078,-0.1182584276,1.0186355518476,-0.1086945009,0.1605932317,-1.2455241333,-0.6923695045,-5.4124200433
53770,0.0958884820,-0.3004120647,0.0287014617,-0.1155584624,0.1239060486,-0.1080633283399,-0.0366769144,0.6015726403,0.3416930448,0.6160195612,-0.1999697647
24215,-0.0404844841,0.0708715206,0.0333033019,0.2182747485,-0.5547995432,-0.0785292467374,-0.3295899582,-0.4228529619,-0.0388029899,0.9290431055,-0.6389969969
115557,0.2532952595,0.1248043810,0.1787557282,1.6472452501,-0.0014148611,-0.6964668217618,-0.1956196423,1.1062078758,-0.3368615463,-1.3363428123,-0.2182659751
59729,-0.0998532753,-0.0339266145,-0.0174671348,1.1753821108,0.1165411824,-1.0863287714880,0.2499699844,-2.2203736926,1.3726233084,-2.1132032349,1.6722343505
107756,-0.6069732739,-0.3363800543,-0.4038830626,-0.2326582499,0.6555298669,-0.4694342140828,-0.0610005599,1.3178882455,-0.0279906171,0.1153041683,2.6176066035
62989,-0.1059012395,-0.2911931435,0.1203236032,0.5215544708,-0.8462097081,-1.4353056867152,-0.1601119374,-0.5040784987,-1.8017846650,-2.0657733468,0.7152393331
85007,-0.1070536580,-0.0967144509,-0.1204098283,0.3244333359,-0.1021042747,1.4088967354851,-0.0773343579,-2.1690965053,1.5831523135,-1.5300292578,0.9173765871
124938,0.1568422368,-0.1207314878,0.0045304078,-0.8871632532,0.6044763261,0.9784512122290,-0.3989425680,1.9644752641,-0.0216661055,0.5032591218,-2.5969574469
170445,-0.1983227414,-0.3004908743,0.0224775885,0.2652386280,0.2612035764,0.3702587300727,-0.2499098853,1.3355729488,0.1968362970,0.2054010232,-3.3510179731
72217,-0.3994138537,-0.0255844968,0.4835578311,0.4307891227,0.4765490130,1.0198199973404,0.2054145827,-0.0475740526,0.9847314393,-0.9849937157,5.4373047937
33333,-0.0729534684,-0.0380595872,-0.2266335649,-0.0795921998,-0.2824722280,-2.0904591562281,0.0521372025,1.0276303980,2.0353851287,-0.6112761482,3.8331012898
132905,-0.0398723725,0.5362868927,0.1646532300,0.6150443963,0.3873626428,-1.6049156109891,0.2391694195,1.7358084931,-0.3276381180,2.0307723187,-1.0560269062
6888,0.1652497239,0.0599359597,-0.1161503921,0.0001975577,0.0988481834,0.6883808519911,0.0255827569,0.9815777788,-0.7948454229,-2.0137424820,1.7604323802
96342,0.1054805280,-0.4240014311,0.4591021263,-0.9980290808,-0.0491340851,-0.6149260233437,0.5058321749,-0.6096359345,3.0095298735,0.1014219048,3.4160072737
107018,0.3043865331,0.1216589403,0.1868797622,-0.4869179736,-0.3087362406,0.5285036391834,0.0586237849,0.4378925858,1.7148312066,0.6565196538,-0.8788569516
143626,-0.2243029486,-0.0460657106,-0.2519512410,-0.3381215722,0.4015997893,-2.1252388885855,0.2638001387,0.7505780028,-1.5232110699,0.3330774186,1.0208502552
30842,0.2194387369,-0.1886711586,-0.0042600306,-0.7883590490,-0.0275249342,-1.1836812899584,-0.0952877593,3.5432556872,0.3710607250,0.4531658132,1.2199338302
154485,0.0387795516,-0.1065576794,0.4335931208,1.1503725954,0.2099877564,-1.5434143299531,-0.2554283675,-1.2529336067,-0.3248710351,1.4304105651,-0.9996177604
52203,-0.3202045396,0.1581756649,-0.1496673672,0.7169145794,-0.1118687098,0.3879887785269,-0.1257841784,0.9894319772,-1.8187893000,0.9735765009,1.6173500313
111689,0.0367391670,0.4417368095,0.2822000737,0.0513272132,-0.2758528056,2.5401161172874,-0.1309004681,1.0604265041,-0.1810380219,2.0973710743,1.2975171542
126771,0.0321499110,0.5501768571,0.0201224083,-1.2907558205,0.2400682955,-0.1875230916983,0.2030727574,0.3439344157,-0.6121574395,-0.2720448231,2.2460945667
109236,0.2176064782,0.0880428215,0.5433924475,-0.1421743316,0.4557265074,-0.8585670054050,-0.1725566399,2.0893873984,0.6693539653,-2.0315036952,-4.7350122245
85031,0.2048963395,-0.0402255218,0.3732704797,0.2326087178,-0.2728005161,2.8194939664840,-0.1417499164,-0.9166748259,0.4042110556,0.5905358406,2.0744208208
147469,-0.0557991677,-0.1685037522,0.3874870988,-0.5955321598,-0.0345778455,-0.7092216141281,0.3180799884,-0.8467120523,0.2443554461,-0.2886400808,-3.2223216498
35741,0.0707040734,0.0178440600,-0.0809227931,-0.2390847809,0.1072584190,1.4384741100863,0.2003812649,-1.1188556236,0.8960251216,0.6311399916,4.6878215816
109228,0.0980995333,-0.1746366732,-0.2181283340,0.7479691316,-0.1934160989,-1.0614963409555,0.1621274496,-1.7943520889,0.4197648325,0.7597872349,-0.0266880995
155612,0.0109502990,-0.0195474465,-0.0613510183,-0.5910478222,-0.1673552373,-0.1273369294978,-0.2966675870,1.0864323448,-1.2408117478,-2.4034794329,1.3661728463
34576,0.3366040870,0.2876539866,0.5474792733,-0.3364089673,0.4111593142,0.9602760915858,0.0573395698,-1.8440836107,-0.3178897161,1.1053748263,-4.3477498547
18589,-0.2246649020,-0.1412275081,0.2048710468,-0.6120698907,0.0430585620,2.5594858366926,0.3202387727,-0.4519156371,-0.0964015027,1.4672433051,-0.9066726280
12434,0.2946128943,-0.3598833360,0.1409557980,0.5292958689,0.1651095321,-0.3265605641940,-0.1265307698,1.3107332720,-0.1441166926,0.7429510219,-1.4829042982
59509,-0.1455028003,-0.3066492528,-0.3680271356,-0.5710734416,-0.0740430826,0.0443167547738,-0.1880997453,-0.3973898399,0.2408081891,0.5136652787,-2.1907517713
166848,-0.1758084684,-0.0353338289,-0.3370238183,-0.1062099612,-0.5318270695,0.9170614497440,-0.4492098485,0.0325627765,2.4630582182,0.9613043918,6.3795573733
111235,-0.3808438551,-0.0561944546,0.0117506609,0.5942467983,-0.0959856896,-1.2679217937083,-0.4970649775,-1.0134500195,-0.8982038727,0.7648695848,2.2262324318
45704,0.0816481004,0.1312863551,0.0264253443,0.2693559755,-0.1821930284,-1.2122886642279,0.1683027316,-1.5517529955,0.8532553802,1.0007456006,-1.9394310573
57819,-0.1535945922,-0.3197202815,0.0207189724,0.4762782579,0.0833781691,0.5022715325366,-0.1555936259,0.8997889965,-1.7734580871,0.0833431935,0.0733164879
142431,0.0671413514,-0.2299103199,0.2822210939,1.9732895524,0.4567680188,-2.6985905702663,0.1472013849,0.6186338533,1.0104285675,-0.5886076320,-1.4444240175
153450,0.1881563788,-0.4150038485,-0.4645081938,0.6267902125,0.2041780343,0.9792061895410,-0.1529424612,0.5806925778,-1.2067171899,-0.5682893450,2.4255842489
85701,0.0349748945,0.2822081630,-0.0842912856,0.4328542858,0.2293353447,-3.6924200004330,0.0713217996,-1.0045608828,-0.4525772403,0.1180510232,2.4067935154
144345,-0.1206842407,-0.1290991076,-0.3101775973,-0.1201559164,-0.0534203093,-0.7381160296169,0.3401193049,1.8177657753,0.0039768473,-0.1024082766,-2.2150651076
6933,0.4651971979,0.2033243198,-0.0533100024,1.0926949098,0.8344430692,-1.0502067477271,0.1491176920,-2.7559891005,1.1208372514,0.4280770325,-0.1762811673
119328,0.0639607062,-0.0661324718,-0.1795253066,-0.8925390514,0.8153615388,-1.5375540039639,0.1236821670,-1.5651062690,0.2744158272,0.1587996503,2.7824136261
56020,-0.1180317568,-0.3194093122,-0.2461585800,0.1128468122,-0.7708403198,-0.4392329104005,0.2072854040,-1.6106517852,-1.1690511789,0.8675029504,-1.0610298032
94921,0.2199070928,0.1776944796,0.0636550848,-2.1633577854,-0.5586565063,-0.4126536901629,0.1226527362,-2.1032719661,-1.2347640185,3.1601170016,0.7481656972
100257,-0.1404609229,0.4081321624,-0.5949252413,1.3860671232,-0.7105484776,0.6997633662164,0.4474877126,-4.0268900913,0.6502259438,0.5701928787,1.3441548404
83960,-0.2935272272,0.1100601556,0.0127395236,0.2207575769,-0.0205200746,2.8764511442666,0.3207995722,-2.5457557173,0.4331140221,1.1727710890,-3.2382616532
92102,-0.2890626570,0.1272592521,-0.2199864224,-0.9361460028,0.3983322043,0.6987930734807,0.0732448471,0.9440606632,0.2520983933,0.4080146717,3.2836480246
3418,0.1436116981,0.1303599053,-0.5890645796,-0.0477963695,0.1671375243,-0.3398134120791,0.0079863915,-3.4802867942,0.5571855283,2.2304084296,0.1718203653
134135,0.1747434176,-0.1176084969,0.3283537673,0.0808927881,-0.2169193572,-1.9298342267199,-0.1223901634,-0.4686770675,-0.3970156427,0.1357731385,-0.7443592632
149617,-0.4866005627,-0.4865260260,-0.0705505973,1.2284996334,-0.1408086234,1.2395430556426,-0.1847351138,0.4992576637,0.1368487877,-2.5103592062,-2.1207886848
27827,0.1840410842,0.3594618219,0.2376728227,-0.1451552983,-0.3789487950,-0.9312462921060,0.5293768945,-2.3267160860,0.6821253224,-0.3268074220,-0.1736265987
23961,-0.1734949319,0.0156570968,-0.2029611159,0.2793940814,-0.1197021596,-0.4626233846598,-0.0305395573,-1.1580144024,-0.4433219595,-0.6706759749,-2.4309706525
121131,-0.0453002428,-0.0674154123,-0.0572551551,0.0722901918,0.1379716871,3.4886121934865,0.0510141937,0.4117513418,2.0311152279,-0.7557363118,-0.0647566906
69800,0.4862614707,0.2805745345,-0.1389498037,-1.1241201996,-0.3879835107,0.3672417373486,0.2175278883,0.8179785038,-1.1118046431,0.7102201959,0.4786923564
98900,0.3597744461,0.2578925437,-0.0853044430,-1.3896096507,-0.5470985215,-0.2987024106162,0.3641497498,-0.0140796122,-0.4448110238,0.7956076527,5.5334758476
93947,0.1148636619,-0.1609872895,-0.2795338001,0.3082188832,0.4852834786,3.0168438430896,0.1797362688,-1.9654838769,0.2501691257,1.4057108530,2.4440050943
27292,0.3281047470,-0.2636345754,0.1582734245,0.1372892155,0.6054888100,0.2092180932605,0.0188749255,0.9356087617,-1.3506733131,1.1948225470,-1.1652736037
39115,0.1346702066,-0.2845484557,-0.2552974241,-0.3259203834,-0.5563311958,-0.5176990933814,0.2459591345,1.3017177657,0.7601518430,0.9814788228,-0.6295854060
102379,-0.2978182517,0.2314019763,-0.0324249659,0.7860337363,-0.3452679196,0.2687460299879,0.2219424879,-2.0265689930,-0.7925658225,0.0724649804,1.1143379721
133084,0.0728585196,0.0315671052,-0.1018904381,0.4259473132,0.9582615715,0.2730957058653,0.1940828728,2.6054849143,-0.4006886052,1.7440696688,-1.5402012097
107380,-0.1003766158,0.2025114524,0.3218462376,0.3771810306,0.1989062402,-1.1981645258101,-0.0879713045,-0.4803416315,-1.4083654576,-1.9829901143,2.7498958681
77897,-0.3835796689,0.1620394593,0.1241413749,-0.9901494853,-0.4937727921,0.5040341357560,0.6445799625,-0.3033419240,0.4332670753,-1.7156401806,-0.6337205960
96307,0.0261862169,-0.0166099895,0.2720344811,-0.6677331570,-1.1995874533,0.6260652049836,0.1418017107,-1.0193409517,1.9357178607,0.3883277897,-0.1749102616
37317,0.2751125227,-0.1273962983,-0.0323616989,0.9409499051,-0.2436620849,0.3326755443454,0.2186601965,-0.9656518629,-0.4111430975,-0.0310138235,-1.4570165612
104664,-0.0550556408,-0.2903929264,-0.1341306822,1.3191563326,-0.1942456674,0.2296337976244,-0.1361647108,-2.8066073248,-0.4888265032,0.1566560532,-4.4730654466
36267,-0.1908754618,-0.1371272414,0.0526407770,0.4691006150,0.3068567901,1.8603049594278,0.0109022037,-2.9152518051,-0.7661695232,-1.2336045316,0.6272098748
69430,-0.1078954733,0.0992093793,-0.2463184385,-1.6211213514,-0.7583189705,-1.1378427205538,0.1244445993,1.5725356518,-1.1904377206,-1.6480382803,2.5965252384
160014,-0.3659105916,0.2821513952,0.0961046429,-1.1240478782,0.0683704369,0.3702289656815,-0.1503777898,0.3502171177,-0.5172266153,0.5640100187,-2.2884365813
171529,-0.0199179598,0.2906306522,-0.1649766047,0.7252420633,-1.0681609815,-0.0981485236961,-0.0968281644,1.9542522225,0.7179689772,0.0063353664,-0.1877707011
172029,0.2720346053,-0.0752163924,-0.0175700574,1.6123547401,-0.1115922503,0.0821637305040,0.2548665122,-0.9924086377,-0.1336639114,-0.4500811081,1.0368673875
46780,0.2828623018,-0.3959442963,-0.3296059029,0.0131508752,0.3398918049,1.0433375847418,-0.4039705410,-0.3505793522,0.3675757332,-0.0998790871,-1.7144716582
58655,-0.2037773383,-0.3902967342,-0.3862020824,-0.4898968110,-0.5526084204,1.0634235775984,-0.2178445415,1.3913782589,-0.0539309500,-0.7613914033,-0.0967841969
62241,-0.1252649980,-0.0252303133,0.0699176445,0.6131378176,-0.1166687213,1.4322981359466,-0.3868313113,-2.7866060249,-0.1257960620,0.9983862017,1.1411135336
120319,-0.0037647872,0.0750344098,-0.1695221480,-0.5382774353,-0.6742979983,-1.7933847048483,0.3179834218,0.2541579563,-0.7445371220,-1.3695709994,-3.1780309566
68869,0.6052770072,-0.4086072663,0.2779317720,0.2416754991,-0.2970407623,-0.5890595805133,0.0183458575,0.7023492902,1.5554868059,-1.1300712031,0.6810485751
140521,0.0052088201,0.2043755421,0.3339299936,-0.1851919629,0.2570914265,-0.8899790581883,-0.3076118596,2.6971510526,0.1881755659,1.6351482053,0.7517602994
134386,-0.5150381133,0.0572305650,-0.2143437886,0.1462570266,0.1582685168,1.1775760088958,0.6417064298,-0.0755142532,0.2929733726,0.2060929788,-1.3367086964
170724,-0.1362998703,0.0876985144,0.2204135043,-0.0301070968,-0.3108269873,-2.4084398615319,-0.2089976467,1.8667955822,-1.9397592500,0.3703905109,-3.4815866669
3238,-0.2279218232,-0.0412788682,0.1319538281,-1.4032087431,-0.3109158184,-0.9004285130629,0.1151491906,-0.3296972328,-1.2247053298,0.9003868543,3.8754895164
153331,-0.0874678078,0.1568943237,-0.3028914081,-1.4771763023,-0.1036070447,0.8774644497460,-0.0429295446,-0.9618732872,-2.5550911037,2.4256119796,1.8244765689
65596,-0.4995916366,0.1670810401,-0.1797092512,-0.6238490820,-0.5944826234,-0.7245117485579,0.1290514306,-1.1783486387,2.1220232737,-0.6904992320,-0.8983130302
128238,0.0624326548,0.2366459018,0.0846782711,-0.5901006962,0.1761203520,-0.4350200228922,-0.1825656895,-2.9576176350,0.6402287606,0.5923714294,-0.3341969927
117026,-0.1737356405,0.1455950078,-0.0784371577,1.3523187069,-0.7297311184,-0.6965410361901,0.0669841801,0.2069454900,-0.6345002615,0.1980144008,-0.1450438619
75773,0.2746735508,0.1803193365,-0.0503283734,1.6954420087,0.1288592789,-2.2988306565655,-0.3855225854,0.4036114218,1.6160083061,-1.5931813119,1.3512764355
121806,0.3660367762,0.7264882767,0.1126744089,-0.1451361840,0.5073628388,-0.1159266902992,-0.0662851030,-0.1149607083,-1.2149409919,0.6700762420,-0.8337679812
76487,0.0181791177,0.2585551395,0.4430324308,1.0300211407,0.1510811285,1.0502348824948,0.2868717202,1.2682052782,-0.4642350095,-0.2181218401,0.9534450760
14447,-0.1105621411,0.5034623925,-0.6608079898,-0.4362592517,-0.2827255013,-0.4532444667206,-0.2361121958,2.3976280843,1.0095866505,-0.5785615890,1.2211522480
41944,0.1522484095,-0.1315061166,-0.1972421743,0.6408181178,-0.0225388581,-1.4374259429524,-0.0618337883,2.1001488399,-0.5285947000,-3.1348033522,-0.8477256691
85276,0.0926657052,-0.1919815762,-0.0454415039,1.8439236295,0.1921907216,0.1333802807062,-0.3512124590,-0.3757237654,1.2991578691,0.6611770418,-2.2810525037
31523,-0.0798336008,0.1650540231,-0.0318741696,-0.1241800281,-0.1836994633,1.2801515528668,-0.1442368756,1.5520711891,-1.0246032902,-2.0016353520,2.6121651226
11166,0.0244818859,-0.0208363506,-0.1570892789,-0.6552628899,-0.8354650541,0.8537507163539,-0.2795821830,1.8341616593,-0.4131728907,-1.2358015132,1.2969070462
147139,-0.0566372781,0.1149486805,-0.0724836493,0.0813003106,0.6012063160,0.2556563908992,0.3575368588,1.1428442291,0.0265799430,-0.5490480387,1.4158080737
67036,0.1679298724,-0.0610706329,-0.0779879595,0.9378782856,0.0751039288,0.7851178868719,-0.0976273531,-3.1881471923,-0.6637320088,0.1194458353,-0.2656637530
99538,-0.2294329871,0.1410962918,0.1208475388,-0.1677638328,0.0866456465,-0.0973245618087,0.3828107012,1.4605942227,-0.3393689133,2.4800828043,-3.3396829631
22798,0.0106605581,-0.1902630529,0.2039238725,-0.9489971969,0.4012438396,-0.1067876864209,0.0475864758,0.9695351849,0.6874986544,-1.1082321529,0.1234890237
172370,0.0754439526,0.0721010840,-0.1401884607,0.0584417081,-0.1843497169,-1.2641317924132,-0.5287422767,2.3799836815,1.4972002430,-0.6225258463,-3.4710190453
73707,-0.0773301934,0.0571487965,-0.5714955165,-0.2030811644,-0.2151548933,-1.1994294673964,0.0378834564,-0.8816347681,1.5613045487,-0.1905252276,-0.0058597363
102611,-0.0773773084,-0.3938560094,0.5845035231,-0.1560578573,0.1709482525,1.3980511773796,-0.1727111710,3.0002645705,-1.0019056275,-0.2797347800,1.2652892357
30903,-0.0549591504,0.4552277210,0.3551094129,0.8562244418,-0.8118543379,-1.3694777663788,0.2708144848,0.7087794422,0.4436294194,0.5135031343,0.9459234242
154472,0.0745497376,0.1034789920,-0.1547297167,-1.2174071788,-0.1815886367,-1.8618176866573,-0.5268543906,0.2898647157,1.1040929500,0.1772242632,3.3779495150
102233,-0.2000808241,0.0949937860,0.2760310449,0.1350675434,-0.5876514400,0.5383766318205,-0.0962000425,-0.8979366341,-0.1715221959,1.2097357604,3.5173001440
39998,-0.1045123447,-0.1285732761,-0.1928649602,0.9941069571,0.2113806154,2.4951297923937,0.0346420889,-2.3413277647,0.6423881195,0.7428089877,-0.6811416795
155068,-0.1093930351,0.1343622937,0.3553015577,1.0272799301,-0.4106097582,-1.3223729838182,-0.1702570771,-1.6154889575,-0.6604570707,-0.4271200500,3.4739692025
28219,-0.2234748345,-0.3038789832,0.2122693501,-0.7213894297,0.2911805747,-1.7618633012272,-0.1066584681,-1.7496634333,-0.3051649191,-0.7330060083,-1.8538339285
131257,-0.1914800328,-0.2036280384,-0.2029962451,1.0765604191,0.8947230394,0.4372398956907,-0.3279994621,-0.6061748272,0.8267532187,-0.2304181426,-0.9115223338
78199,0.1244877779,-0.1587880334,-0.1073244780,-1.3489117024,0.2912030119,-0.6987085842330,-0.1227408559,-0.9419712232,0.2248516831,1.0688666329,0.3624274914
15595,0.2062516506,0.0031404699,-0.2360736151,-1.1153607209,-0.4021912631,-0.6529885277903,0.1089598202,0.6336502849,-0.0499622042,1.6729335200,1.0680882297
64108,-0.5515950793,-0.1613102275,0.2241159272,-0.7777013307,0.1499480039,-0.0332975941340,-0.0063907726,0.4716026506,1.2800602057,0.0405213906,-0.5896375405
